Copyright 1986-2019 Xilinx, Inc. All Rights Reserved.
-----------------------------------------------------------------------------------------------------------------------------------------------------------------------------------------------------------
| Tool Version : Vivado v.2019.2 (win64) Build 2708876 Wed Nov  6 21:40:23 MST 2019
| Date         : Tue Sep 15 01:14:52 2026
| Host         : FAST running 64-bit major release  (build 9200)
| Command      : report_timing_summary -max_paths 10 -file soc_lite_top_timing_summary_routed.rpt -pb soc_lite_top_timing_summary_routed.pb -rpx soc_lite_top_timing_summary_routed.rpx -warn_on_violation
| Design       : soc_lite_top
| Device       : 7a200t-fbg676
| Speed File   : -1  PRODUCTION 1.23 2018-06-13
-----------------------------------------------------------------------------------------------------------------------------------------------------------------------------------------------------------

Timing Summary Report

------------------------------------------------------------------------------------------------
| Timer Settings
| --------------
------------------------------------------------------------------------------------------------

  Enable Multi Corner Analysis               :  Yes
  Enable Pessimism Removal                   :  Yes
  Pessimism Removal Resolution               :  Nearest Common Node
  Enable Input Delay Default Clock           :  No
  Enable Preset / Clear Arcs                 :  No
  Disable Flight Delays                      :  No
  Ignore I/O Paths                           :  No
  Timing Early Launch at Borrowing Latches   :  No
  Borrow Time for Max Delay Exceptions       :  Yes
  Merge Timing Exceptions                    :  Yes

  Corner  Analyze    Analyze    
  Name    Max Paths  Min Paths  
  ------  ---------  ---------  
  Slow    Yes        Yes        
  Fast    Yes        Yes        



check_timing report

Table of Contents
-----------------
1. checking no_clock
2. checking constant_clock
3. checking pulse_width_clock
4. checking unconstrained_internal_endpoints
5. checking no_input_delay
6. checking no_output_delay
7. checking multiple_clock
8. checking generated_clocks
9. checking loops
10. checking partial_input_delay
11. checking partial_output_delay
12. checking latch_loops

1. checking no_clock
--------------------
 There are 0 register/latch pins with no clock.


2. checking constant_clock
--------------------------
 There are 0 register/latch pins with constant_clock.


3. checking pulse_width_clock
-----------------------------
 There are 0 register/latch pins which need pulse_width check


4. checking unconstrained_internal_endpoints
--------------------------------------------
 There are 0 pins that are not constrained for maximum delay.

 There are 0 pins that are not constrained for maximum delay due to constant clock.


5. checking no_input_delay
--------------------------
 There are 15 input ports with no input delay specified. (HIGH)

 There are 0 input ports with no input delay but user has a false path constraint.


6. checking no_output_delay
---------------------------
 There are 71 ports with no output delay specified. (HIGH)

 There are 0 ports with no output delay but user has a false path constraint

 There are 0 ports with no output delay but with a timing clock defined on it or propagating through it


7. checking multiple_clock
--------------------------
 There are 0 register/latch pins with multiple clocks.


8. checking generated_clocks
----------------------------
 There are 0 generated clocks that are not connected to a clock source.


9. checking loops
-----------------
 There are 0 combinational loops in the design.


10. checking partial_input_delay
--------------------------------
 There are 0 input ports with partial input delay specified.


11. checking partial_output_delay
---------------------------------
 There are 0 ports with partial output delay specified.


12. checking latch_loops
------------------------
 There are 0 combinational latch loops in the design through latch input



------------------------------------------------------------------------------------------------
| Design Timing Summary
| ---------------------
------------------------------------------------------------------------------------------------

    WNS(ns)      TNS(ns)  TNS Failing Endpoints  TNS Total Endpoints      WHS(ns)      THS(ns)  THS Failing Endpoints  THS Total Endpoints     WPWS(ns)     TPWS(ns)  TPWS Failing Endpoints  TPWS Total Endpoints  
    -------      -------  ---------------------  -------------------      -------      -------  ---------------------  -------------------     --------     --------  ----------------------  --------------------  
      2.512        0.000                      0                 8381        0.116        0.000                      0                 8381        3.000        0.000                       0                  1996  


All user specified timing constraints are met.


------------------------------------------------------------------------------------------------
| Clock Summary
| -------------
------------------------------------------------------------------------------------------------

Clock                Waveform(ns)       Period(ns)      Frequency(MHz)
-----                ------------       ----------      --------------
clk                  {0.000 5.000}      10.000          100.000         
  clkfbout_clk_pll   {0.000 5.000}      10.000          100.000         
  cpu_clk_clk_pll    {0.000 10.000}     20.000          50.000          
  timer_clk_clk_pll  {0.000 5.000}      10.000          100.000         


------------------------------------------------------------------------------------------------
| Intra Clock Table
| -----------------
------------------------------------------------------------------------------------------------

Clock                    WNS(ns)      TNS(ns)  TNS Failing Endpoints  TNS Total Endpoints      WHS(ns)      THS(ns)  THS Failing Endpoints  THS Total Endpoints     WPWS(ns)     TPWS(ns)  TPWS Failing Endpoints  TPWS Total Endpoints  
-----                    -------      -------  ---------------------  -------------------      -------      -------  ---------------------  -------------------     --------     --------  ----------------------  --------------------  
clk                                                                                                                                                                    3.000        0.000                       0                     1  
  clkfbout_clk_pll                                                                                                                                                     7.845        0.000                       0                     3  
  cpu_clk_clk_pll          2.512        0.000                      0                 8315        0.116        0.000                      0                 8315        8.750        0.000                       0                  1891  
  timer_clk_clk_pll        5.748        0.000                      0                   66        0.121        0.000                      0                   66        4.500        0.000                       0                   101  


------------------------------------------------------------------------------------------------
| Inter Clock Table
| -----------------
------------------------------------------------------------------------------------------------

From Clock    To Clock          WNS(ns)      TNS(ns)  TNS Failing Endpoints  TNS Total Endpoints      WHS(ns)      THS(ns)  THS Failing Endpoints  THS Total Endpoints  
----------    --------          -------      -------  ---------------------  -------------------      -------      -------  ---------------------  -------------------  


------------------------------------------------------------------------------------------------
| Other Path Groups Table
| -----------------------
------------------------------------------------------------------------------------------------

Path Group    From Clock    To Clock          WNS(ns)      TNS(ns)  TNS Failing Endpoints  TNS Total Endpoints      WHS(ns)      THS(ns)  THS Failing Endpoints  THS Total Endpoints  
----------    ----------    --------          -------      -------  ---------------------  -------------------      -------      -------  ---------------------  -------------------  


------------------------------------------------------------------------------------------------
| Timing Details
| --------------
------------------------------------------------------------------------------------------------


---------------------------------------------------------------------------------------------------
From Clock:  clk
  To Clock:  clk

Setup :           NA  Failing Endpoints,  Worst Slack           NA  ,  Total Violation           NA
Hold  :           NA  Failing Endpoints,  Worst Slack           NA  ,  Total Violation           NA
PW    :            0  Failing Endpoints,  Worst Slack        3.000ns,  Total Violation        0.000ns
---------------------------------------------------------------------------------------------------


Pulse Width Checks
--------------------------------------------------------------------------------------
Clock Name:         clk
Waveform(ns):       { 0.000 5.000 }
Period(ns):         10.000
Sources:            { clk }

Check Type        Corner  Lib Pin           Reference Pin  Required(ns)  Actual(ns)  Slack(ns)  Location        Pin
Min Period        n/a     PLLE2_ADV/CLKIN1  n/a            1.249         10.000      8.751      PLLE2_ADV_X0Y2  pll.clk_pll/inst/plle2_adv_inst/CLKIN1
Max Period        n/a     PLLE2_ADV/CLKIN1  n/a            52.633        10.000      42.633     PLLE2_ADV_X0Y2  pll.clk_pll/inst/plle2_adv_inst/CLKIN1
Low Pulse Width   Slow    PLLE2_ADV/CLKIN1  n/a            2.000         5.000       3.000      PLLE2_ADV_X0Y2  pll.clk_pll/inst/plle2_adv_inst/CLKIN1
Low Pulse Width   Fast    PLLE2_ADV/CLKIN1  n/a            2.000         5.000       3.000      PLLE2_ADV_X0Y2  pll.clk_pll/inst/plle2_adv_inst/CLKIN1
High Pulse Width  Fast    PLLE2_ADV/CLKIN1  n/a            2.000         5.000       3.000      PLLE2_ADV_X0Y2  pll.clk_pll/inst/plle2_adv_inst/CLKIN1
High Pulse Width  Slow    PLLE2_ADV/CLKIN1  n/a            2.000         5.000       3.000      PLLE2_ADV_X0Y2  pll.clk_pll/inst/plle2_adv_inst/CLKIN1



---------------------------------------------------------------------------------------------------
From Clock:  clkfbout_clk_pll
  To Clock:  clkfbout_clk_pll

Setup :           NA  Failing Endpoints,  Worst Slack           NA  ,  Total Violation           NA
Hold  :           NA  Failing Endpoints,  Worst Slack           NA  ,  Total Violation           NA
PW    :            0  Failing Endpoints,  Worst Slack        7.845ns,  Total Violation        0.000ns
---------------------------------------------------------------------------------------------------


Pulse Width Checks
--------------------------------------------------------------------------------------
Clock Name:         clkfbout_clk_pll
Waveform(ns):       { 0.000 5.000 }
Period(ns):         10.000
Sources:            { pll.clk_pll/inst/plle2_adv_inst/CLKFBOUT }

Check Type  Corner  Lib Pin             Reference Pin  Required(ns)  Actual(ns)  Slack(ns)  Location        Pin
Min Period  n/a     BUFG/I              n/a            2.155         10.000      7.845      BUFGCTRL_X0Y2   pll.clk_pll/inst/clkf_buf/I
Min Period  n/a     PLLE2_ADV/CLKFBOUT  n/a            1.249         10.000      8.751      PLLE2_ADV_X0Y2  pll.clk_pll/inst/plle2_adv_inst/CLKFBOUT
Min Period  n/a     PLLE2_ADV/CLKFBIN   n/a            1.249         10.000      8.751      PLLE2_ADV_X0Y2  pll.clk_pll/inst/plle2_adv_inst/CLKFBIN
Max Period  n/a     PLLE2_ADV/CLKFBIN   n/a            52.633        10.000      42.633     PLLE2_ADV_X0Y2  pll.clk_pll/inst/plle2_adv_inst/CLKFBIN
Max Period  n/a     PLLE2_ADV/CLKFBOUT  n/a            160.000       10.000      150.000    PLLE2_ADV_X0Y2  pll.clk_pll/inst/plle2_adv_inst/CLKFBOUT



---------------------------------------------------------------------------------------------------
From Clock:  cpu_clk_clk_pll
  To Clock:  cpu_clk_clk_pll

Setup :            0  Failing Endpoints,  Worst Slack        2.512ns,  Total Violation        0.000ns
Hold  :            0  Failing Endpoints,  Worst Slack        0.116ns,  Total Violation        0.000ns
PW    :            0  Failing Endpoints,  Worst Slack        8.750ns,  Total Violation        0.000ns
---------------------------------------------------------------------------------------------------


Max Delay Paths
--------------------------------------------------------------------------------------
Slack (MET) :             2.512ns  (required time - arrival time)
  Source:                 cpu/ifid_inst_reg[6]/C
                            (rising edge-triggered cell FDRE clocked by cpu_clk_clk_pll  {rise@0.000ns fall@10.000ns period=20.000ns})
  Destination:            inst_ram/U0/inst_blk_mem_gen/gnbram.gnativebmg.native_blk_mem_gen/valid.cstr/ramloop[159].ram.r/prim_init.ram/DEVICE_7SERIES.NO_BMM_INFO.SP.SIMPLE_PRIM36.ram/ENARDEN
                            (rising edge-triggered cell RAMB36E1 clocked by cpu_clk_clk_pll  {rise@0.000ns fall@10.000ns period=20.000ns})
  Path Group:             cpu_clk_clk_pll
  Path Type:              Setup (Max at Slow Process Corner)
  Requirement:            20.000ns  (cpu_clk_clk_pll rise@20.000ns - cpu_clk_clk_pll rise@0.000ns)
  Data Path Delay:        16.970ns  (logic 1.909ns (11.249%)  route 15.061ns (88.751%))
  Logic Levels:           8  (LUT2=1 LUT3=1 LUT4=2 LUT5=1 LUT6=3)
  Clock Path Skew:        0.012ns (DCD - SCD + CPR)
    Destination Clock Delay (DCD):    -1.786ns = ( 18.214 - 20.000 ) 
    Source Clock Delay      (SCD):    -2.289ns
    Clock Pessimism Removal (CPR):    -0.491ns
  Clock Uncertainty:      0.087ns  ((TSJ^2 + DJ^2)^1/2) / 2 + PE
    Total System Jitter     (TSJ):    0.071ns
    Discrete Jitter          (DJ):    0.159ns
    Phase Error              (PE):    0.000ns

    Location             Delay type                Incr(ns)  Path(ns)    Netlist Resource(s)
  -------------------------------------------------------------------    -------------------
                         (clock cpu_clk_clk_pll rise edge)
                                                      0.000     0.000 r  
    AC19                                              0.000     0.000 r  clk (IN)
                         net (fo=0)                   0.000     0.000    pll.clk_pll/inst/clk_in1
    AC19                 IBUF (Prop_ibuf_I_O)         1.485     1.485 r  pll.clk_pll/inst/clkin1_ibufg/O
                         net (fo=1, routed)           1.619     3.104    pll.clk_pll/inst/clk_in1_clk_pll
    PLLE2_ADV_X0Y2       PLLE2_ADV (Prop_plle2_adv_CLKIN1_CLKOUT0)
                                                     -9.006    -5.902 r  pll.clk_pll/inst/plle2_adv_inst/CLKOUT0
                         net (fo=1, routed)           1.837    -4.064    pll.clk_pll/inst/cpu_clk_clk_pll
    BUFGCTRL_X0Y0        BUFG (Prop_bufg_I_O)         0.096    -3.968 r  pll.clk_pll/inst/clkout1_buf/O
                         net (fo=1889, routed)        1.679    -2.289    cpu/cpu_clk
    SLICE_X124Y150       FDRE                                         r  cpu/ifid_inst_reg[6]/C
  -------------------------------------------------------------------    -------------------
    SLICE_X124Y150       FDRE (Prop_fdre_C_Q)         0.518    -1.771 r  cpu/ifid_inst_reg[6]/Q
                         net (fo=62, routed)          4.368     2.597    cpu/rf_raddr1[1]
    SLICE_X41Y96         LUT6 (Prop_lut6_I1_O)        0.124     2.721 r  cpu/idex_dest[4]_i_21/O
                         net (fo=1, routed)           0.518     3.239    cpu/idex_dest[4]_i_21_n_0
    SLICE_X40Y96         LUT6 (Prop_lut6_I1_O)        0.124     3.363 f  cpu/idex_dest[4]_i_9/O
                         net (fo=1, routed)           0.858     4.221    cpu/idex_dest[4]_i_9_n_0
    SLICE_X40Y98         LUT4 (Prop_lut4_I1_O)        0.124     4.345 f  cpu/idex_dest[4]_i_3/O
                         net (fo=3, routed)           0.692     5.037    cpu/idex_dest[4]_i_3_n_0
    SLICE_X40Y98         LUT6 (Prop_lut6_I5_O)        0.124     5.161 f  cpu/ds_valid_i_3/O
                         net (fo=3, routed)           0.621     5.782    cpu/ds_valid_i_3_n_0
    SLICE_X40Y97         LUT2 (Prop_lut2_I0_O)        0.124     5.906 r  cpu/ds_valid_i_1/O
                         net (fo=147, routed)         2.088     7.994    inst_ram/U0/inst_blk_mem_gen/gnbram.gnativebmg.native_blk_mem_gen/valid.cstr/ramloop[139].ram.r/prim_init.ram/ena
    SLICE_X46Y130        LUT3 (Prop_lut3_I1_O)        0.116     8.110 r  inst_ram/U0/inst_blk_mem_gen/gnbram.gnativebmg.native_blk_mem_gen/valid.cstr/ramloop[139].ram.r/prim_init.ram/DEVICE_7SERIES.NO_BMM_INFO.SP.SIMPLE_PRIM36.ram_i_2__2/O
                         net (fo=16, routed)          2.407    10.517    inst_ram/U0/inst_blk_mem_gen/gnbram.gnativebmg.native_blk_mem_gen/valid.cstr/ramloop[159].ram.r/prim_init.ram/DEVICE_7SERIES.NO_BMM_INFO.SP.SIMPLE_PRIM36.ram_1
    SLICE_X78Y177        LUT5 (Prop_lut5_I4_O)        0.323    10.840 r  inst_ram/U0/inst_blk_mem_gen/gnbram.gnativebmg.native_blk_mem_gen/valid.cstr/ramloop[159].ram.r/prim_init.ram/DEVICE_7SERIES.NO_BMM_INFO.SP.SIMPLE_PRIM36.ram_i_1__54/O
                         net (fo=5, routed)           1.052    11.892    inst_ram/U0/inst_blk_mem_gen/gnbram.gnativebmg.native_blk_mem_gen/valid.cstr/ramloop[159].ram.r/prim_init.ram/addra_13_sn_1
    SLICE_X66Y180        LUT4 (Prop_lut4_I3_O)        0.332    12.224 r  inst_ram/U0/inst_blk_mem_gen/gnbram.gnativebmg.native_blk_mem_gen/valid.cstr/ramloop[159].ram.r/prim_init.ram/DEVICE_7SERIES.NO_BMM_INFO.SP.SIMPLE_PRIM36.ram_ENARDEN_cooolgate_en_gate_535/O
                         net (fo=1, routed)           2.457    14.681    inst_ram/U0/inst_blk_mem_gen/gnbram.gnativebmg.native_blk_mem_gen/valid.cstr/ramloop[159].ram.r/prim_init.ram/DEVICE_7SERIES.NO_BMM_INFO.SP.SIMPLE_PRIM36.ram_ENARDEN_cooolgate_en_sig_299
    RAMB36_X0Y38         RAMB36E1                                     r  inst_ram/U0/inst_blk_mem_gen/gnbram.gnativebmg.native_blk_mem_gen/valid.cstr/ramloop[159].ram.r/prim_init.ram/DEVICE_7SERIES.NO_BMM_INFO.SP.SIMPLE_PRIM36.ram/ENARDEN
  -------------------------------------------------------------------    -------------------

                         (clock cpu_clk_clk_pll rise edge)
                                                     20.000    20.000 r  
    AC19                                              0.000    20.000 r  clk (IN)
                         net (fo=0)                   0.000    20.000    pll.clk_pll/inst/clk_in1
    AC19                 IBUF (Prop_ibuf_I_O)         1.414    21.414 r  pll.clk_pll/inst/clkin1_ibufg/O
                         net (fo=1, routed)           1.531    22.945    pll.clk_pll/inst/clk_in1_clk_pll
    PLLE2_ADV_X0Y2       PLLE2_ADV (Prop_plle2_adv_CLKIN1_CLKOUT0)
                                                     -8.262    14.684 r  pll.clk_pll/inst/plle2_adv_inst/CLKOUT0
                         net (fo=1, routed)           1.755    16.439    pll.clk_pll/inst/cpu_clk_clk_pll
    BUFGCTRL_X0Y0        BUFG (Prop_bufg_I_O)         0.091    16.530 r  pll.clk_pll/inst/clkout1_buf/O
                         net (fo=1889, routed)        1.684    18.214    inst_ram/U0/inst_blk_mem_gen/gnbram.gnativebmg.native_blk_mem_gen/valid.cstr/ramloop[159].ram.r/prim_init.ram/clka
    RAMB36_X0Y38         RAMB36E1                                     r  inst_ram/U0/inst_blk_mem_gen/gnbram.gnativebmg.native_blk_mem_gen/valid.cstr/ramloop[159].ram.r/prim_init.ram/DEVICE_7SERIES.NO_BMM_INFO.SP.SIMPLE_PRIM36.ram/CLKARDCLK
                         clock pessimism             -0.491    17.723    
                         clock uncertainty           -0.087    17.636    
    RAMB36_X0Y38         RAMB36E1 (Setup_ramb36e1_CLKARDCLK_ENARDEN)
                                                     -0.443    17.193    inst_ram/U0/inst_blk_mem_gen/gnbram.gnativebmg.native_blk_mem_gen/valid.cstr/ramloop[159].ram.r/prim_init.ram/DEVICE_7SERIES.NO_BMM_INFO.SP.SIMPLE_PRIM36.ram
  -------------------------------------------------------------------
                         required time                         17.193    
                         arrival time                         -14.681    
  -------------------------------------------------------------------
                         slack                                  2.512    

Slack (MET) :             2.733ns  (required time - arrival time)
  Source:                 cpu/ifid_inst_reg[6]/C
                            (rising edge-triggered cell FDRE clocked by cpu_clk_clk_pll  {rise@0.000ns fall@10.000ns period=20.000ns})
  Destination:            inst_ram/U0/inst_blk_mem_gen/gnbram.gnativebmg.native_blk_mem_gen/valid.cstr/ramloop[27].ram.r/prim_init.ram/DEVICE_7SERIES.NO_BMM_INFO.SP.SIMPLE_PRIM36.ram/ENARDEN
                            (rising edge-triggered cell RAMB36E1 clocked by cpu_clk_clk_pll  {rise@0.000ns fall@10.000ns period=20.000ns})
  Path Group:             cpu_clk_clk_pll
  Path Type:              Setup (Max at Slow Process Corner)
  Requirement:            20.000ns  (cpu_clk_clk_pll rise@20.000ns - cpu_clk_clk_pll rise@0.000ns)
  Data Path Delay:        16.594ns  (logic 1.894ns (11.414%)  route 14.700ns (88.586%))
  Logic Levels:           8  (LUT2=1 LUT3=1 LUT4=2 LUT5=1 LUT6=3)
  Clock Path Skew:        0.061ns (DCD - SCD + CPR)
    Destination Clock Delay (DCD):    -1.808ns = ( 18.192 - 20.000 ) 
    Source Clock Delay      (SCD):    -2.289ns
    Clock Pessimism Removal (CPR):    -0.420ns
  Clock Uncertainty:      0.087ns  ((TSJ^2 + DJ^2)^1/2) / 2 + PE
    Total System Jitter     (TSJ):    0.071ns
    Discrete Jitter          (DJ):    0.159ns
    Phase Error              (PE):    0.000ns

    Location             Delay type                Incr(ns)  Path(ns)    Netlist Resource(s)
  -------------------------------------------------------------------    -------------------
                         (clock cpu_clk_clk_pll rise edge)
                                                      0.000     0.000 r  
    AC19                                              0.000     0.000 r  clk (IN)
                         net (fo=0)                   0.000     0.000    pll.clk_pll/inst/clk_in1
    AC19                 IBUF (Prop_ibuf_I_O)         1.485     1.485 r  pll.clk_pll/inst/clkin1_ibufg/O
                         net (fo=1, routed)           1.619     3.104    pll.clk_pll/inst/clk_in1_clk_pll
    PLLE2_ADV_X0Y2       PLLE2_ADV (Prop_plle2_adv_CLKIN1_CLKOUT0)
                                                     -9.006    -5.902 r  pll.clk_pll/inst/plle2_adv_inst/CLKOUT0
                         net (fo=1, routed)           1.837    -4.064    pll.clk_pll/inst/cpu_clk_clk_pll
    BUFGCTRL_X0Y0        BUFG (Prop_bufg_I_O)         0.096    -3.968 r  pll.clk_pll/inst/clkout1_buf/O
                         net (fo=1889, routed)        1.679    -2.289    cpu/cpu_clk
    SLICE_X124Y150       FDRE                                         r  cpu/ifid_inst_reg[6]/C
  -------------------------------------------------------------------    -------------------
    SLICE_X124Y150       FDRE (Prop_fdre_C_Q)         0.518    -1.771 r  cpu/ifid_inst_reg[6]/Q
                         net (fo=62, routed)          4.368     2.597    cpu/rf_raddr1[1]
    SLICE_X41Y96         LUT6 (Prop_lut6_I1_O)        0.124     2.721 r  cpu/idex_dest[4]_i_21/O
                         net (fo=1, routed)           0.518     3.239    cpu/idex_dest[4]_i_21_n_0
    SLICE_X40Y96         LUT6 (Prop_lut6_I1_O)        0.124     3.363 f  cpu/idex_dest[4]_i_9/O
                         net (fo=1, routed)           0.858     4.221    cpu/idex_dest[4]_i_9_n_0
    SLICE_X40Y98         LUT4 (Prop_lut4_I1_O)        0.124     4.345 f  cpu/idex_dest[4]_i_3/O
                         net (fo=3, routed)           0.692     5.037    cpu/idex_dest[4]_i_3_n_0
    SLICE_X40Y98         LUT6 (Prop_lut6_I5_O)        0.124     5.161 f  cpu/ds_valid_i_3/O
                         net (fo=3, routed)           0.621     5.782    cpu/ds_valid_i_3_n_0
    SLICE_X40Y97         LUT2 (Prop_lut2_I0_O)        0.124     5.906 r  cpu/ds_valid_i_1/O
                         net (fo=147, routed)         2.088     7.994    inst_ram/U0/inst_blk_mem_gen/gnbram.gnativebmg.native_blk_mem_gen/valid.cstr/ramloop[139].ram.r/prim_init.ram/ena
    SLICE_X46Y130        LUT3 (Prop_lut3_I1_O)        0.116     8.110 r  inst_ram/U0/inst_blk_mem_gen/gnbram.gnativebmg.native_blk_mem_gen/valid.cstr/ramloop[139].ram.r/prim_init.ram/DEVICE_7SERIES.NO_BMM_INFO.SP.SIMPLE_PRIM36.ram_i_2__2/O
                         net (fo=16, routed)          2.421    10.531    inst_ram/U0/inst_blk_mem_gen/gnbram.gnativebmg.native_blk_mem_gen/valid.cstr/ramloop[155].ram.r/prim_init.ram/DEVICE_7SERIES.NO_BMM_INFO.SP.SIMPLE_PRIM36.ram_1
    SLICE_X78Y175        LUT5 (Prop_lut5_I4_O)        0.322    10.853 r  inst_ram/U0/inst_blk_mem_gen/gnbram.gnativebmg.native_blk_mem_gen/valid.cstr/ramloop[155].ram.r/prim_init.ram/DEVICE_7SERIES.NO_BMM_INFO.SP.SIMPLE_PRIM36.ram_i_1__56/O
                         net (fo=5, routed)           1.065    11.918    inst_ram/U0/inst_blk_mem_gen/gnbram.gnativebmg.native_blk_mem_gen/valid.cstr/ramloop[27].ram.r/prim_init.ram/DEVICE_7SERIES.NO_BMM_INFO.SP.SIMPLE_PRIM36.ram_1
    SLICE_X90Y173        LUT4 (Prop_lut4_I3_O)        0.318    12.236 r  inst_ram/U0/inst_blk_mem_gen/gnbram.gnativebmg.native_blk_mem_gen/valid.cstr/ramloop[27].ram.r/prim_init.ram/DEVICE_7SERIES.NO_BMM_INFO.SP.SIMPLE_PRIM36.ram_ENARDEN_cooolgate_en_gate_503/O
                         net (fo=1, routed)           2.069    14.305    inst_ram/U0/inst_blk_mem_gen/gnbram.gnativebmg.native_blk_mem_gen/valid.cstr/ramloop[27].ram.r/prim_init.ram/DEVICE_7SERIES.NO_BMM_INFO.SP.SIMPLE_PRIM36.ram_ENARDEN_cooolgate_en_sig_281
    RAMB36_X8Y36         RAMB36E1                                     r  inst_ram/U0/inst_blk_mem_gen/gnbram.gnativebmg.native_blk_mem_gen/valid.cstr/ramloop[27].ram.r/prim_init.ram/DEVICE_7SERIES.NO_BMM_INFO.SP.SIMPLE_PRIM36.ram/ENARDEN
  -------------------------------------------------------------------    -------------------

                         (clock cpu_clk_clk_pll rise edge)
                                                     20.000    20.000 r  
    AC19                                              0.000    20.000 r  clk (IN)
                         net (fo=0)                   0.000    20.000    pll.clk_pll/inst/clk_in1
    AC19                 IBUF (Prop_ibuf_I_O)         1.414    21.414 r  pll.clk_pll/inst/clkin1_ibufg/O
                         net (fo=1, routed)           1.531    22.945    pll.clk_pll/inst/clk_in1_clk_pll
    PLLE2_ADV_X0Y2       PLLE2_ADV (Prop_plle2_adv_CLKIN1_CLKOUT0)
                                                     -8.262    14.684 r  pll.clk_pll/inst/plle2_adv_inst/CLKOUT0
                         net (fo=1, routed)           1.755    16.439    pll.clk_pll/inst/cpu_clk_clk_pll
    BUFGCTRL_X0Y0        BUFG (Prop_bufg_I_O)         0.091    16.530 r  pll.clk_pll/inst/clkout1_buf/O
                         net (fo=1889, routed)        1.662    18.192    inst_ram/U0/inst_blk_mem_gen/gnbram.gnativebmg.native_blk_mem_gen/valid.cstr/ramloop[27].ram.r/prim_init.ram/clka
    RAMB36_X8Y36         RAMB36E1                                     r  inst_ram/U0/inst_blk_mem_gen/gnbram.gnativebmg.native_blk_mem_gen/valid.cstr/ramloop[27].ram.r/prim_init.ram/DEVICE_7SERIES.NO_BMM_INFO.SP.SIMPLE_PRIM36.ram/CLKARDCLK
                         clock pessimism             -0.420    17.772    
                         clock uncertainty           -0.087    17.685    
    RAMB36_X8Y36         RAMB36E1 (Setup_ramb36e1_CLKARDCLK_ENARDEN)
                                                     -0.647    17.038    inst_ram/U0/inst_blk_mem_gen/gnbram.gnativebmg.native_blk_mem_gen/valid.cstr/ramloop[27].ram.r/prim_init.ram/DEVICE_7SERIES.NO_BMM_INFO.SP.SIMPLE_PRIM36.ram
  -------------------------------------------------------------------
                         required time                         17.038    
                         arrival time                         -14.305    
  -------------------------------------------------------------------
                         slack                                  2.733    

Slack (MET) :             2.774ns  (required time - arrival time)
  Source:                 cpu/ifid_inst_reg[6]/C
                            (rising edge-triggered cell FDRE clocked by cpu_clk_clk_pll  {rise@0.000ns fall@10.000ns period=20.000ns})
  Destination:            inst_ram/U0/inst_blk_mem_gen/gnbram.gnativebmg.native_blk_mem_gen/valid.cstr/ramloop[30].ram.r/prim_init.ram/DEVICE_7SERIES.NO_BMM_INFO.SP.SIMPLE_PRIM36.ram/ENARDEN
                            (rising edge-triggered cell RAMB36E1 clocked by cpu_clk_clk_pll  {rise@0.000ns fall@10.000ns period=20.000ns})
  Path Group:             cpu_clk_clk_pll
  Path Type:              Setup (Max at Slow Process Corner)
  Requirement:            20.000ns  (cpu_clk_clk_pll rise@20.000ns - cpu_clk_clk_pll rise@0.000ns)
  Data Path Delay:        16.676ns  (logic 1.722ns (10.326%)  route 14.954ns (89.674%))
  Logic Levels:           8  (LUT2=1 LUT3=1 LUT4=2 LUT5=1 LUT6=3)
  Clock Path Skew:        0.189ns (DCD - SCD + CPR)
    Destination Clock Delay (DCD):    -1.609ns = ( 18.391 - 20.000 ) 
    Source Clock Delay      (SCD):    -2.289ns
    Clock Pessimism Removal (CPR):    -0.491ns
  Clock Uncertainty:      0.087ns  ((TSJ^2 + DJ^2)^1/2) / 2 + PE
    Total System Jitter     (TSJ):    0.071ns
    Discrete Jitter          (DJ):    0.159ns
    Phase Error              (PE):    0.000ns

    Location             Delay type                Incr(ns)  Path(ns)    Netlist Resource(s)
  -------------------------------------------------------------------    -------------------
                         (clock cpu_clk_clk_pll rise edge)
                                                      0.000     0.000 r  
    AC19                                              0.000     0.000 r  clk (IN)
                         net (fo=0)                   0.000     0.000    pll.clk_pll/inst/clk_in1
    AC19                 IBUF (Prop_ibuf_I_O)         1.485     1.485 r  pll.clk_pll/inst/clkin1_ibufg/O
                         net (fo=1, routed)           1.619     3.104    pll.clk_pll/inst/clk_in1_clk_pll
    PLLE2_ADV_X0Y2       PLLE2_ADV (Prop_plle2_adv_CLKIN1_CLKOUT0)
                                                     -9.006    -5.902 r  pll.clk_pll/inst/plle2_adv_inst/CLKOUT0
                         net (fo=1, routed)           1.837    -4.064    pll.clk_pll/inst/cpu_clk_clk_pll
    BUFGCTRL_X0Y0        BUFG (Prop_bufg_I_O)         0.096    -3.968 r  pll.clk_pll/inst/clkout1_buf/O
                         net (fo=1889, routed)        1.679    -2.289    cpu/cpu_clk
    SLICE_X124Y150       FDRE                                         r  cpu/ifid_inst_reg[6]/C
  -------------------------------------------------------------------    -------------------
    SLICE_X124Y150       FDRE (Prop_fdre_C_Q)         0.518    -1.771 r  cpu/ifid_inst_reg[6]/Q
                         net (fo=62, routed)          4.368     2.597    cpu/rf_raddr1[1]
    SLICE_X41Y96         LUT6 (Prop_lut6_I1_O)        0.124     2.721 r  cpu/idex_dest[4]_i_21/O
                         net (fo=1, routed)           0.518     3.239    cpu/idex_dest[4]_i_21_n_0
    SLICE_X40Y96         LUT6 (Prop_lut6_I1_O)        0.124     3.363 f  cpu/idex_dest[4]_i_9/O
                         net (fo=1, routed)           0.858     4.221    cpu/idex_dest[4]_i_9_n_0
    SLICE_X40Y98         LUT4 (Prop_lut4_I1_O)        0.124     4.345 f  cpu/idex_dest[4]_i_3/O
                         net (fo=3, routed)           0.692     5.037    cpu/idex_dest[4]_i_3_n_0
    SLICE_X40Y98         LUT6 (Prop_lut6_I5_O)        0.124     5.161 f  cpu/ds_valid_i_3/O
                         net (fo=3, routed)           0.621     5.782    cpu/ds_valid_i_3_n_0
    SLICE_X40Y97         LUT2 (Prop_lut2_I0_O)        0.124     5.906 r  cpu/ds_valid_i_1/O
                         net (fo=147, routed)         2.088     7.994    inst_ram/U0/inst_blk_mem_gen/gnbram.gnativebmg.native_blk_mem_gen/valid.cstr/ramloop[128].ram.r/prim_init.ram/ena
    SLICE_X46Y130        LUT3 (Prop_lut3_I1_O)        0.124     8.118 r  inst_ram/U0/inst_blk_mem_gen/gnbram.gnativebmg.native_blk_mem_gen/valid.cstr/ramloop[128].ram.r/prim_init.ram/DEVICE_7SERIES.NO_BMM_INFO.SP.SIMPLE_PRIM36.ram_i_2__0/O
                         net (fo=16, routed)          2.119    10.237    inst_ram/U0/inst_blk_mem_gen/gnbram.gnativebmg.native_blk_mem_gen/valid.cstr/ramloop[158].ram.r/prim_init.ram/DEVICE_7SERIES.NO_BMM_INFO.SP.SIMPLE_PRIM36.ram_1
    SLICE_X70Y173        LUT5 (Prop_lut5_I4_O)        0.117    10.354 r  inst_ram/U0/inst_blk_mem_gen/gnbram.gnativebmg.native_blk_mem_gen/valid.cstr/ramloop[158].ram.r/prim_init.ram/DEVICE_7SERIES.NO_BMM_INFO.SP.SIMPLE_PRIM36.ram_i_1__15/O
                         net (fo=5, routed)           1.200    11.554    inst_ram/U0/inst_blk_mem_gen/gnbram.gnativebmg.native_blk_mem_gen/valid.cstr/ramloop[30].ram.r/prim_init.ram/DEVICE_7SERIES.NO_BMM_INFO.SP.SIMPLE_PRIM36.ram_1
    SLICE_X78Y180        LUT4 (Prop_lut4_I3_O)        0.343    11.897 r  inst_ram/U0/inst_blk_mem_gen/gnbram.gnativebmg.native_blk_mem_gen/valid.cstr/ramloop[30].ram.r/prim_init.ram/DEVICE_7SERIES.NO_BMM_INFO.SP.SIMPLE_PRIM36.ram_ENARDEN_cooolgate_en_gate_530/O
                         net (fo=1, routed)           2.490    14.387    inst_ram/U0/inst_blk_mem_gen/gnbram.gnativebmg.native_blk_mem_gen/valid.cstr/ramloop[30].ram.r/prim_init.ram/DEVICE_7SERIES.NO_BMM_INFO.SP.SIMPLE_PRIM36.ram_ENARDEN_cooolgate_en_sig_296
    RAMB36_X8Y40         RAMB36E1                                     r  inst_ram/U0/inst_blk_mem_gen/gnbram.gnativebmg.native_blk_mem_gen/valid.cstr/ramloop[30].ram.r/prim_init.ram/DEVICE_7SERIES.NO_BMM_INFO.SP.SIMPLE_PRIM36.ram/ENARDEN
  -------------------------------------------------------------------    -------------------

                         (clock cpu_clk_clk_pll rise edge)
                                                     20.000    20.000 r  
    AC19                                              0.000    20.000 r  clk (IN)
                         net (fo=0)                   0.000    20.000    pll.clk_pll/inst/clk_in1
    AC19                 IBUF (Prop_ibuf_I_O)         1.414    21.414 r  pll.clk_pll/inst/clkin1_ibufg/O
                         net (fo=1, routed)           1.531    22.945    pll.clk_pll/inst/clk_in1_clk_pll
    PLLE2_ADV_X0Y2       PLLE2_ADV (Prop_plle2_adv_CLKIN1_CLKOUT0)
                                                     -8.262    14.684 r  pll.clk_pll/inst/plle2_adv_inst/CLKOUT0
                         net (fo=1, routed)           1.755    16.439    pll.clk_pll/inst/cpu_clk_clk_pll
    BUFGCTRL_X0Y0        BUFG (Prop_bufg_I_O)         0.091    16.530 r  pll.clk_pll/inst/clkout1_buf/O
                         net (fo=1889, routed)        1.861    18.391    inst_ram/U0/inst_blk_mem_gen/gnbram.gnativebmg.native_blk_mem_gen/valid.cstr/ramloop[30].ram.r/prim_init.ram/clka
    RAMB36_X8Y40         RAMB36E1                                     r  inst_ram/U0/inst_blk_mem_gen/gnbram.gnativebmg.native_blk_mem_gen/valid.cstr/ramloop[30].ram.r/prim_init.ram/DEVICE_7SERIES.NO_BMM_INFO.SP.SIMPLE_PRIM36.ram/CLKARDCLK
                         clock pessimism             -0.491    17.899    
                         clock uncertainty           -0.087    17.812    
    RAMB36_X8Y40         RAMB36E1 (Setup_ramb36e1_CLKARDCLK_ENARDEN)
                                                     -0.651    17.161    inst_ram/U0/inst_blk_mem_gen/gnbram.gnativebmg.native_blk_mem_gen/valid.cstr/ramloop[30].ram.r/prim_init.ram/DEVICE_7SERIES.NO_BMM_INFO.SP.SIMPLE_PRIM36.ram
  -------------------------------------------------------------------
                         required time                         17.161    
                         arrival time                         -14.387    
  -------------------------------------------------------------------
                         slack                                  2.774    

Slack (MET) :             2.894ns  (required time - arrival time)
  Source:                 cpu/ifid_inst_reg[6]/C
                            (rising edge-triggered cell FDRE clocked by cpu_clk_clk_pll  {rise@0.000ns fall@10.000ns period=20.000ns})
  Destination:            inst_ram/U0/inst_blk_mem_gen/gnbram.gnativebmg.native_blk_mem_gen/valid.cstr/ramloop[8].ram.r/prim_init.ram/DEVICE_7SERIES.NO_BMM_INFO.SP.SIMPLE_PRIM36.ram/ENARDEN
                            (rising edge-triggered cell RAMB36E1 clocked by cpu_clk_clk_pll  {rise@0.000ns fall@10.000ns period=20.000ns})
  Path Group:             cpu_clk_clk_pll
  Path Type:              Setup (Max at Slow Process Corner)
  Requirement:            20.000ns  (cpu_clk_clk_pll rise@20.000ns - cpu_clk_clk_pll rise@0.000ns)
  Data Path Delay:        16.456ns  (logic 1.732ns (10.525%)  route 14.724ns (89.475%))
  Logic Levels:           8  (LUT2=1 LUT3=1 LUT4=2 LUT5=1 LUT6=3)
  Clock Path Skew:        0.084ns (DCD - SCD + CPR)
    Destination Clock Delay (DCD):    -1.714ns = ( 18.286 - 20.000 ) 
    Source Clock Delay      (SCD):    -2.289ns
    Clock Pessimism Removal (CPR):    -0.491ns
  Clock Uncertainty:      0.087ns  ((TSJ^2 + DJ^2)^1/2) / 2 + PE
    Total System Jitter     (TSJ):    0.071ns
    Discrete Jitter          (DJ):    0.159ns
    Phase Error              (PE):    0.000ns

    Location             Delay type                Incr(ns)  Path(ns)    Netlist Resource(s)
  -------------------------------------------------------------------    -------------------
                         (clock cpu_clk_clk_pll rise edge)
                                                      0.000     0.000 r  
    AC19                                              0.000     0.000 r  clk (IN)
                         net (fo=0)                   0.000     0.000    pll.clk_pll/inst/clk_in1
    AC19                 IBUF (Prop_ibuf_I_O)         1.485     1.485 r  pll.clk_pll/inst/clkin1_ibufg/O
                         net (fo=1, routed)           1.619     3.104    pll.clk_pll/inst/clk_in1_clk_pll
    PLLE2_ADV_X0Y2       PLLE2_ADV (Prop_plle2_adv_CLKIN1_CLKOUT0)
                                                     -9.006    -5.902 r  pll.clk_pll/inst/plle2_adv_inst/CLKOUT0
                         net (fo=1, routed)           1.837    -4.064    pll.clk_pll/inst/cpu_clk_clk_pll
    BUFGCTRL_X0Y0        BUFG (Prop_bufg_I_O)         0.096    -3.968 r  pll.clk_pll/inst/clkout1_buf/O
                         net (fo=1889, routed)        1.679    -2.289    cpu/cpu_clk
    SLICE_X124Y150       FDRE                                         r  cpu/ifid_inst_reg[6]/C
  -------------------------------------------------------------------    -------------------
    SLICE_X124Y150       FDRE (Prop_fdre_C_Q)         0.518    -1.771 r  cpu/ifid_inst_reg[6]/Q
                         net (fo=62, routed)          4.368     2.597    cpu/rf_raddr1[1]
    SLICE_X41Y96         LUT6 (Prop_lut6_I1_O)        0.124     2.721 r  cpu/idex_dest[4]_i_21/O
                         net (fo=1, routed)           0.518     3.239    cpu/idex_dest[4]_i_21_n_0
    SLICE_X40Y96         LUT6 (Prop_lut6_I1_O)        0.124     3.363 f  cpu/idex_dest[4]_i_9/O
                         net (fo=1, routed)           0.858     4.221    cpu/idex_dest[4]_i_9_n_0
    SLICE_X40Y98         LUT4 (Prop_lut4_I1_O)        0.124     4.345 f  cpu/idex_dest[4]_i_3/O
                         net (fo=3, routed)           0.692     5.037    cpu/idex_dest[4]_i_3_n_0
    SLICE_X40Y98         LUT6 (Prop_lut6_I5_O)        0.124     5.161 f  cpu/ds_valid_i_3/O
                         net (fo=3, routed)           0.621     5.782    cpu/ds_valid_i_3_n_0
    SLICE_X40Y97         LUT2 (Prop_lut2_I0_O)        0.124     5.906 r  cpu/ds_valid_i_1/O
                         net (fo=147, routed)         2.088     7.994    inst_ram/U0/inst_blk_mem_gen/gnbram.gnativebmg.native_blk_mem_gen/valid.cstr/ramloop[128].ram.r/prim_init.ram/ena
    SLICE_X46Y130        LUT3 (Prop_lut3_I1_O)        0.124     8.118 r  inst_ram/U0/inst_blk_mem_gen/gnbram.gnativebmg.native_blk_mem_gen/valid.cstr/ramloop[128].ram.r/prim_init.ram/DEVICE_7SERIES.NO_BMM_INFO.SP.SIMPLE_PRIM36.ram_i_2__0/O
                         net (fo=16, routed)          1.530     9.648    inst_ram/U0/inst_blk_mem_gen/gnbram.gnativebmg.native_blk_mem_gen/valid.cstr/ramloop[136].ram.r/prim_init.ram/DEVICE_7SERIES.NO_BMM_INFO.SP.SIMPLE_PRIM36.ram_1
    SLICE_X23Y140        LUT5 (Prop_lut5_I4_O)        0.118     9.766 r  inst_ram/U0/inst_blk_mem_gen/gnbram.gnativebmg.native_blk_mem_gen/valid.cstr/ramloop[136].ram.r/prim_init.ram/DEVICE_7SERIES.NO_BMM_INFO.SP.SIMPLE_PRIM36.ram_i_1__26/O
                         net (fo=5, routed)           1.459    11.224    inst_ram/U0/inst_blk_mem_gen/gnbram.gnativebmg.native_blk_mem_gen/valid.cstr/ramloop[8].ram.r/prim_init.ram/DEVICE_7SERIES.NO_BMM_INFO.SP.SIMPLE_PRIM36.ram_1
    SLICE_X36Y156        LUT4 (Prop_lut4_I3_O)        0.352    11.576 r  inst_ram/U0/inst_blk_mem_gen/gnbram.gnativebmg.native_blk_mem_gen/valid.cstr/ramloop[8].ram.r/prim_init.ram/DEVICE_7SERIES.NO_BMM_INFO.SP.SIMPLE_PRIM36.ram_ENARDEN_cooolgate_en_gate_361/O
                         net (fo=1, routed)           2.590    14.166    inst_ram/U0/inst_blk_mem_gen/gnbram.gnativebmg.native_blk_mem_gen/valid.cstr/ramloop[8].ram.r/prim_init.ram/DEVICE_7SERIES.NO_BMM_INFO.SP.SIMPLE_PRIM36.ram_ENARDEN_cooolgate_en_sig_202
    RAMB36_X2Y45         RAMB36E1                                     r  inst_ram/U0/inst_blk_mem_gen/gnbram.gnativebmg.native_blk_mem_gen/valid.cstr/ramloop[8].ram.r/prim_init.ram/DEVICE_7SERIES.NO_BMM_INFO.SP.SIMPLE_PRIM36.ram/ENARDEN
  -------------------------------------------------------------------    -------------------

                         (clock cpu_clk_clk_pll rise edge)
                                                     20.000    20.000 r  
    AC19                                              0.000    20.000 r  clk (IN)
                         net (fo=0)                   0.000    20.000    pll.clk_pll/inst/clk_in1
    AC19                 IBUF (Prop_ibuf_I_O)         1.414    21.414 r  pll.clk_pll/inst/clkin1_ibufg/O
                         net (fo=1, routed)           1.531    22.945    pll.clk_pll/inst/clk_in1_clk_pll
    PLLE2_ADV_X0Y2       PLLE2_ADV (Prop_plle2_adv_CLKIN1_CLKOUT0)
                                                     -8.262    14.684 r  pll.clk_pll/inst/plle2_adv_inst/CLKOUT0
                         net (fo=1, routed)           1.755    16.439    pll.clk_pll/inst/cpu_clk_clk_pll
    BUFGCTRL_X0Y0        BUFG (Prop_bufg_I_O)         0.091    16.530 r  pll.clk_pll/inst/clkout1_buf/O
                         net (fo=1889, routed)        1.756    18.286    inst_ram/U0/inst_blk_mem_gen/gnbram.gnativebmg.native_blk_mem_gen/valid.cstr/ramloop[8].ram.r/prim_init.ram/clka
    RAMB36_X2Y45         RAMB36E1                                     r  inst_ram/U0/inst_blk_mem_gen/gnbram.gnativebmg.native_blk_mem_gen/valid.cstr/ramloop[8].ram.r/prim_init.ram/DEVICE_7SERIES.NO_BMM_INFO.SP.SIMPLE_PRIM36.ram/CLKARDCLK
                         clock pessimism             -0.491    17.794    
                         clock uncertainty           -0.087    17.707    
    RAMB36_X2Y45         RAMB36E1 (Setup_ramb36e1_CLKARDCLK_ENARDEN)
                                                     -0.647    17.060    inst_ram/U0/inst_blk_mem_gen/gnbram.gnativebmg.native_blk_mem_gen/valid.cstr/ramloop[8].ram.r/prim_init.ram/DEVICE_7SERIES.NO_BMM_INFO.SP.SIMPLE_PRIM36.ram
  -------------------------------------------------------------------
                         required time                         17.060    
                         arrival time                         -14.166    
  -------------------------------------------------------------------
                         slack                                  2.894    

Slack (MET) :             2.931ns  (required time - arrival time)
  Source:                 cpu/ifid_inst_reg[6]/C
                            (rising edge-triggered cell FDRE clocked by cpu_clk_clk_pll  {rise@0.000ns fall@10.000ns period=20.000ns})
  Destination:            inst_ram/U0/inst_blk_mem_gen/gnbram.gnativebmg.native_blk_mem_gen/valid.cstr/ramloop[29].ram.r/prim_init.ram/DEVICE_7SERIES.NO_BMM_INFO.SP.SIMPLE_PRIM36.ram/ENARDEN
                            (rising edge-triggered cell RAMB36E1 clocked by cpu_clk_clk_pll  {rise@0.000ns fall@10.000ns period=20.000ns})
  Path Group:             cpu_clk_clk_pll
  Path Type:              Setup (Max at Slow Process Corner)
  Requirement:            20.000ns  (cpu_clk_clk_pll rise@20.000ns - cpu_clk_clk_pll rise@0.000ns)
  Data Path Delay:        16.493ns  (logic 1.918ns (11.629%)  route 14.575ns (88.371%))
  Logic Levels:           8  (LUT2=1 LUT3=1 LUT4=2 LUT5=1 LUT6=3)
  Clock Path Skew:        0.185ns (DCD - SCD + CPR)
    Destination Clock Delay (DCD):    -1.613ns = ( 18.387 - 20.000 ) 
    Source Clock Delay      (SCD):    -2.289ns
    Clock Pessimism Removal (CPR):    -0.491ns
  Clock Uncertainty:      0.087ns  ((TSJ^2 + DJ^2)^1/2) / 2 + PE
    Total System Jitter     (TSJ):    0.071ns
    Discrete Jitter          (DJ):    0.159ns
    Phase Error              (PE):    0.000ns

    Location             Delay type                Incr(ns)  Path(ns)    Netlist Resource(s)
  -------------------------------------------------------------------    -------------------
                         (clock cpu_clk_clk_pll rise edge)
                                                      0.000     0.000 r  
    AC19                                              0.000     0.000 r  clk (IN)
                         net (fo=0)                   0.000     0.000    pll.clk_pll/inst/clk_in1
    AC19                 IBUF (Prop_ibuf_I_O)         1.485     1.485 r  pll.clk_pll/inst/clkin1_ibufg/O
                         net (fo=1, routed)           1.619     3.104    pll.clk_pll/inst/clk_in1_clk_pll
    PLLE2_ADV_X0Y2       PLLE2_ADV (Prop_plle2_adv_CLKIN1_CLKOUT0)
                                                     -9.006    -5.902 r  pll.clk_pll/inst/plle2_adv_inst/CLKOUT0
                         net (fo=1, routed)           1.837    -4.064    pll.clk_pll/inst/cpu_clk_clk_pll
    BUFGCTRL_X0Y0        BUFG (Prop_bufg_I_O)         0.096    -3.968 r  pll.clk_pll/inst/clkout1_buf/O
                         net (fo=1889, routed)        1.679    -2.289    cpu/cpu_clk
    SLICE_X124Y150       FDRE                                         r  cpu/ifid_inst_reg[6]/C
  -------------------------------------------------------------------    -------------------
    SLICE_X124Y150       FDRE (Prop_fdre_C_Q)         0.518    -1.771 r  cpu/ifid_inst_reg[6]/Q
                         net (fo=62, routed)          4.368     2.597    cpu/rf_raddr1[1]
    SLICE_X41Y96         LUT6 (Prop_lut6_I1_O)        0.124     2.721 r  cpu/idex_dest[4]_i_21/O
                         net (fo=1, routed)           0.518     3.239    cpu/idex_dest[4]_i_21_n_0
    SLICE_X40Y96         LUT6 (Prop_lut6_I1_O)        0.124     3.363 f  cpu/idex_dest[4]_i_9/O
                         net (fo=1, routed)           0.858     4.221    cpu/idex_dest[4]_i_9_n_0
    SLICE_X40Y98         LUT4 (Prop_lut4_I1_O)        0.124     4.345 f  cpu/idex_dest[4]_i_3/O
                         net (fo=3, routed)           0.692     5.037    cpu/idex_dest[4]_i_3_n_0
    SLICE_X40Y98         LUT6 (Prop_lut6_I5_O)        0.124     5.161 f  cpu/ds_valid_i_3/O
                         net (fo=3, routed)           0.621     5.782    cpu/ds_valid_i_3_n_0
    SLICE_X40Y97         LUT2 (Prop_lut2_I0_O)        0.124     5.906 r  cpu/ds_valid_i_1/O
                         net (fo=147, routed)         2.088     7.994    inst_ram/U0/inst_blk_mem_gen/gnbram.gnativebmg.native_blk_mem_gen/valid.cstr/ramloop[139].ram.r/prim_init.ram/ena
    SLICE_X46Y130        LUT3 (Prop_lut3_I1_O)        0.116     8.110 r  inst_ram/U0/inst_blk_mem_gen/gnbram.gnativebmg.native_blk_mem_gen/valid.cstr/ramloop[139].ram.r/prim_init.ram/DEVICE_7SERIES.NO_BMM_INFO.SP.SIMPLE_PRIM36.ram_i_2__2/O
                         net (fo=16, routed)          2.261    10.371    inst_ram/U0/inst_blk_mem_gen/gnbram.gnativebmg.native_blk_mem_gen/valid.cstr/ramloop[157].ram.r/prim_init.ram/DEVICE_7SERIES.NO_BMM_INFO.SP.SIMPLE_PRIM36.ram_1
    SLICE_X64Y178        LUT5 (Prop_lut5_I4_O)        0.321    10.692 r  inst_ram/U0/inst_blk_mem_gen/gnbram.gnativebmg.native_blk_mem_gen/valid.cstr/ramloop[157].ram.r/prim_init.ram/DEVICE_7SERIES.NO_BMM_INFO.SP.SIMPLE_PRIM36.ram_i_1__55/O
                         net (fo=5, routed)           0.620    11.312    inst_ram/U0/inst_blk_mem_gen/gnbram.gnativebmg.native_blk_mem_gen/valid.cstr/ramloop[29].ram.r/prim_init.ram/DEVICE_7SERIES.NO_BMM_INFO.SP.SIMPLE_PRIM36.ram_1
    SLICE_X66Y180        LUT4 (Prop_lut4_I3_O)        0.343    11.655 r  inst_ram/U0/inst_blk_mem_gen/gnbram.gnativebmg.native_blk_mem_gen/valid.cstr/ramloop[29].ram.r/prim_init.ram/DEVICE_7SERIES.NO_BMM_INFO.SP.SIMPLE_PRIM36.ram_ENARDEN_cooolgate_en_gate_521/O
                         net (fo=1, routed)           2.549    14.204    inst_ram/U0/inst_blk_mem_gen/gnbram.gnativebmg.native_blk_mem_gen/valid.cstr/ramloop[29].ram.r/prim_init.ram/DEVICE_7SERIES.NO_BMM_INFO.SP.SIMPLE_PRIM36.ram_ENARDEN_cooolgate_en_sig_291
    RAMB36_X7Y40         RAMB36E1                                     r  inst_ram/U0/inst_blk_mem_gen/gnbram.gnativebmg.native_blk_mem_gen/valid.cstr/ramloop[29].ram.r/prim_init.ram/DEVICE_7SERIES.NO_BMM_INFO.SP.SIMPLE_PRIM36.ram/ENARDEN
  -------------------------------------------------------------------    -------------------

                         (clock cpu_clk_clk_pll rise edge)
                                                     20.000    20.000 r  
    AC19                                              0.000    20.000 r  clk (IN)
                         net (fo=0)                   0.000    20.000    pll.clk_pll/inst/clk_in1
    AC19                 IBUF (Prop_ibuf_I_O)         1.414    21.414 r  pll.clk_pll/inst/clkin1_ibufg/O
                         net (fo=1, routed)           1.531    22.945    pll.clk_pll/inst/clk_in1_clk_pll
    PLLE2_ADV_X0Y2       PLLE2_ADV (Prop_plle2_adv_CLKIN1_CLKOUT0)
                                                     -8.262    14.684 r  pll.clk_pll/inst/plle2_adv_inst/CLKOUT0
                         net (fo=1, routed)           1.755    16.439    pll.clk_pll/inst/cpu_clk_clk_pll
    BUFGCTRL_X0Y0        BUFG (Prop_bufg_I_O)         0.091    16.530 r  pll.clk_pll/inst/clkout1_buf/O
                         net (fo=1889, routed)        1.857    18.387    inst_ram/U0/inst_blk_mem_gen/gnbram.gnativebmg.native_blk_mem_gen/valid.cstr/ramloop[29].ram.r/prim_init.ram/clka
    RAMB36_X7Y40         RAMB36E1                                     r  inst_ram/U0/inst_blk_mem_gen/gnbram.gnativebmg.native_blk_mem_gen/valid.cstr/ramloop[29].ram.r/prim_init.ram/DEVICE_7SERIES.NO_BMM_INFO.SP.SIMPLE_PRIM36.ram/CLKARDCLK
                         clock pessimism             -0.491    17.895    
                         clock uncertainty           -0.087    17.808    
    RAMB36_X7Y40         RAMB36E1 (Setup_ramb36e1_CLKARDCLK_ENARDEN)
                                                     -0.674    17.134    inst_ram/U0/inst_blk_mem_gen/gnbram.gnativebmg.native_blk_mem_gen/valid.cstr/ramloop[29].ram.r/prim_init.ram/DEVICE_7SERIES.NO_BMM_INFO.SP.SIMPLE_PRIM36.ram
  -------------------------------------------------------------------
                         required time                         17.134    
                         arrival time                         -14.204    
  -------------------------------------------------------------------
                         slack                                  2.931    

Slack (MET) :             2.945ns  (required time - arrival time)
  Source:                 cpu/ifid_inst_reg[6]/C
                            (rising edge-triggered cell FDRE clocked by cpu_clk_clk_pll  {rise@0.000ns fall@10.000ns period=20.000ns})
  Destination:            inst_ram/U0/inst_blk_mem_gen/gnbram.gnativebmg.native_blk_mem_gen/valid.cstr/ramloop[16].ram.r/prim_init.ram/DEVICE_7SERIES.NO_BMM_INFO.SP.SIMPLE_PRIM36.ram/ENARDEN
                            (rising edge-triggered cell RAMB36E1 clocked by cpu_clk_clk_pll  {rise@0.000ns fall@10.000ns period=20.000ns})
  Path Group:             cpu_clk_clk_pll
  Path Type:              Setup (Max at Slow Process Corner)
  Requirement:            20.000ns  (cpu_clk_clk_pll rise@20.000ns - cpu_clk_clk_pll rise@0.000ns)
  Data Path Delay:        16.498ns  (logic 1.503ns (9.110%)  route 14.995ns (90.890%))
  Logic Levels:           8  (LUT2=1 LUT3=1 LUT4=2 LUT5=1 LUT6=3)
  Clock Path Skew:        0.180ns (DCD - SCD + CPR)
    Destination Clock Delay (DCD):    -1.618ns = ( 18.382 - 20.000 ) 
    Source Clock Delay      (SCD):    -2.289ns
    Clock Pessimism Removal (CPR):    -0.491ns
  Clock Uncertainty:      0.087ns  ((TSJ^2 + DJ^2)^1/2) / 2 + PE
    Total System Jitter     (TSJ):    0.071ns
    Discrete Jitter          (DJ):    0.159ns
    Phase Error              (PE):    0.000ns

    Location             Delay type                Incr(ns)  Path(ns)    Netlist Resource(s)
  -------------------------------------------------------------------    -------------------
                         (clock cpu_clk_clk_pll rise edge)
                                                      0.000     0.000 r  
    AC19                                              0.000     0.000 r  clk (IN)
                         net (fo=0)                   0.000     0.000    pll.clk_pll/inst/clk_in1
    AC19                 IBUF (Prop_ibuf_I_O)         1.485     1.485 r  pll.clk_pll/inst/clkin1_ibufg/O
                         net (fo=1, routed)           1.619     3.104    pll.clk_pll/inst/clk_in1_clk_pll
    PLLE2_ADV_X0Y2       PLLE2_ADV (Prop_plle2_adv_CLKIN1_CLKOUT0)
                                                     -9.006    -5.902 r  pll.clk_pll/inst/plle2_adv_inst/CLKOUT0
                         net (fo=1, routed)           1.837    -4.064    pll.clk_pll/inst/cpu_clk_clk_pll
    BUFGCTRL_X0Y0        BUFG (Prop_bufg_I_O)         0.096    -3.968 r  pll.clk_pll/inst/clkout1_buf/O
                         net (fo=1889, routed)        1.679    -2.289    cpu/cpu_clk
    SLICE_X124Y150       FDRE                                         r  cpu/ifid_inst_reg[6]/C
  -------------------------------------------------------------------    -------------------
    SLICE_X124Y150       FDRE (Prop_fdre_C_Q)         0.518    -1.771 r  cpu/ifid_inst_reg[6]/Q
                         net (fo=62, routed)          4.368     2.597    cpu/rf_raddr1[1]
    SLICE_X41Y96         LUT6 (Prop_lut6_I1_O)        0.124     2.721 r  cpu/idex_dest[4]_i_21/O
                         net (fo=1, routed)           0.518     3.239    cpu/idex_dest[4]_i_21_n_0
    SLICE_X40Y96         LUT6 (Prop_lut6_I1_O)        0.124     3.363 f  cpu/idex_dest[4]_i_9/O
                         net (fo=1, routed)           0.858     4.221    cpu/idex_dest[4]_i_9_n_0
    SLICE_X40Y98         LUT4 (Prop_lut4_I1_O)        0.124     4.345 f  cpu/idex_dest[4]_i_3/O
                         net (fo=3, routed)           0.692     5.037    cpu/idex_dest[4]_i_3_n_0
    SLICE_X40Y98         LUT6 (Prop_lut6_I5_O)        0.124     5.161 f  cpu/ds_valid_i_3/O
                         net (fo=3, routed)           0.621     5.782    cpu/ds_valid_i_3_n_0
    SLICE_X40Y97         LUT2 (Prop_lut2_I0_O)        0.124     5.906 r  cpu/ds_valid_i_1/O
                         net (fo=147, routed)         2.088     7.994    inst_ram/U0/inst_blk_mem_gen/gnbram.gnativebmg.native_blk_mem_gen/valid.cstr/ramloop[128].ram.r/prim_init.ram/ena
    SLICE_X46Y130        LUT3 (Prop_lut3_I1_O)        0.124     8.118 r  inst_ram/U0/inst_blk_mem_gen/gnbram.gnativebmg.native_blk_mem_gen/valid.cstr/ramloop[128].ram.r/prim_init.ram/DEVICE_7SERIES.NO_BMM_INFO.SP.SIMPLE_PRIM36.ram_i_2__0/O
                         net (fo=16, routed)          2.103    10.221    inst_ram/U0/inst_blk_mem_gen/gnbram.gnativebmg.native_blk_mem_gen/valid.cstr/ramloop[144].ram.r/prim_init.ram/DEVICE_7SERIES.NO_BMM_INFO.SP.SIMPLE_PRIM36.ram_1
    SLICE_X64Y178        LUT5 (Prop_lut5_I4_O)        0.124    10.345 r  inst_ram/U0/inst_blk_mem_gen/gnbram.gnativebmg.native_blk_mem_gen/valid.cstr/ramloop[144].ram.r/prim_init.ram/DEVICE_7SERIES.NO_BMM_INFO.SP.SIMPLE_PRIM36.ram_i_1__22/O
                         net (fo=5, routed)           0.624    10.969    inst_ram/U0/inst_blk_mem_gen/gnbram.gnativebmg.native_blk_mem_gen/valid.cstr/ramloop[16].ram.r/prim_init.ram/DEVICE_7SERIES.NO_BMM_INFO.SP.SIMPLE_PRIM36.ram_1
    SLICE_X64Y178        LUT4 (Prop_lut4_I3_O)        0.117    11.086 r  inst_ram/U0/inst_blk_mem_gen/gnbram.gnativebmg.native_blk_mem_gen/valid.cstr/ramloop[16].ram.r/prim_init.ram/DEVICE_7SERIES.NO_BMM_INFO.SP.SIMPLE_PRIM36.ram_ENARDEN_cooolgate_en_gate_402/O
                         net (fo=1, routed)           3.122    14.209    inst_ram/U0/inst_blk_mem_gen/gnbram.gnativebmg.native_blk_mem_gen/valid.cstr/ramloop[16].ram.r/prim_init.ram/DEVICE_7SERIES.NO_BMM_INFO.SP.SIMPLE_PRIM36.ram_ENARDEN_cooolgate_en_sig_225
    RAMB36_X7Y42         RAMB36E1                                     r  inst_ram/U0/inst_blk_mem_gen/gnbram.gnativebmg.native_blk_mem_gen/valid.cstr/ramloop[16].ram.r/prim_init.ram/DEVICE_7SERIES.NO_BMM_INFO.SP.SIMPLE_PRIM36.ram/ENARDEN
  -------------------------------------------------------------------    -------------------

                         (clock cpu_clk_clk_pll rise edge)
                                                     20.000    20.000 r  
    AC19                                              0.000    20.000 r  clk (IN)
                         net (fo=0)                   0.000    20.000    pll.clk_pll/inst/clk_in1
    AC19                 IBUF (Prop_ibuf_I_O)         1.414    21.414 r  pll.clk_pll/inst/clkin1_ibufg/O
                         net (fo=1, routed)           1.531    22.945    pll.clk_pll/inst/clk_in1_clk_pll
    PLLE2_ADV_X0Y2       PLLE2_ADV (Prop_plle2_adv_CLKIN1_CLKOUT0)
                                                     -8.262    14.684 r  pll.clk_pll/inst/plle2_adv_inst/CLKOUT0
                         net (fo=1, routed)           1.755    16.439    pll.clk_pll/inst/cpu_clk_clk_pll
    BUFGCTRL_X0Y0        BUFG (Prop_bufg_I_O)         0.091    16.530 r  pll.clk_pll/inst/clkout1_buf/O
                         net (fo=1889, routed)        1.852    18.382    inst_ram/U0/inst_blk_mem_gen/gnbram.gnativebmg.native_blk_mem_gen/valid.cstr/ramloop[16].ram.r/prim_init.ram/clka
    RAMB36_X7Y42         RAMB36E1                                     r  inst_ram/U0/inst_blk_mem_gen/gnbram.gnativebmg.native_blk_mem_gen/valid.cstr/ramloop[16].ram.r/prim_init.ram/DEVICE_7SERIES.NO_BMM_INFO.SP.SIMPLE_PRIM36.ram/CLKARDCLK
                         clock pessimism             -0.491    17.890    
                         clock uncertainty           -0.087    17.803    
    RAMB36_X7Y42         RAMB36E1 (Setup_ramb36e1_CLKARDCLK_ENARDEN)
                                                     -0.650    17.153    inst_ram/U0/inst_blk_mem_gen/gnbram.gnativebmg.native_blk_mem_gen/valid.cstr/ramloop[16].ram.r/prim_init.ram/DEVICE_7SERIES.NO_BMM_INFO.SP.SIMPLE_PRIM36.ram
  -------------------------------------------------------------------
                         required time                         17.153    
                         arrival time                         -14.209    
  -------------------------------------------------------------------
                         slack                                  2.945    

Slack (MET) :             2.945ns  (required time - arrival time)
  Source:                 cpu/ifid_inst_reg[6]/C
                            (rising edge-triggered cell FDRE clocked by cpu_clk_clk_pll  {rise@0.000ns fall@10.000ns period=20.000ns})
  Destination:            inst_ram/U0/inst_blk_mem_gen/gnbram.gnativebmg.native_blk_mem_gen/valid.cstr/ramloop[22].ram.r/prim_init.ram/DEVICE_7SERIES.NO_BMM_INFO.SP.SIMPLE_PRIM36.ram/ENARDEN
                            (rising edge-triggered cell RAMB36E1 clocked by cpu_clk_clk_pll  {rise@0.000ns fall@10.000ns period=20.000ns})
  Path Group:             cpu_clk_clk_pll
  Path Type:              Setup (Max at Slow Process Corner)
  Requirement:            20.000ns  (cpu_clk_clk_pll rise@20.000ns - cpu_clk_clk_pll rise@0.000ns)
  Data Path Delay:        16.391ns  (logic 1.700ns (10.371%)  route 14.691ns (89.629%))
  Logic Levels:           8  (LUT2=1 LUT3=1 LUT4=2 LUT5=1 LUT6=3)
  Clock Path Skew:        0.068ns (DCD - SCD + CPR)
    Destination Clock Delay (DCD):    -1.801ns = ( 18.199 - 20.000 ) 
    Source Clock Delay      (SCD):    -2.289ns
    Clock Pessimism Removal (CPR):    -0.420ns
  Clock Uncertainty:      0.087ns  ((TSJ^2 + DJ^2)^1/2) / 2 + PE
    Total System Jitter     (TSJ):    0.071ns
    Discrete Jitter          (DJ):    0.159ns
    Phase Error              (PE):    0.000ns

    Location             Delay type                Incr(ns)  Path(ns)    Netlist Resource(s)
  -------------------------------------------------------------------    -------------------
                         (clock cpu_clk_clk_pll rise edge)
                                                      0.000     0.000 r  
    AC19                                              0.000     0.000 r  clk (IN)
                         net (fo=0)                   0.000     0.000    pll.clk_pll/inst/clk_in1
    AC19                 IBUF (Prop_ibuf_I_O)         1.485     1.485 r  pll.clk_pll/inst/clkin1_ibufg/O
                         net (fo=1, routed)           1.619     3.104    pll.clk_pll/inst/clk_in1_clk_pll
    PLLE2_ADV_X0Y2       PLLE2_ADV (Prop_plle2_adv_CLKIN1_CLKOUT0)
                                                     -9.006    -5.902 r  pll.clk_pll/inst/plle2_adv_inst/CLKOUT0
                         net (fo=1, routed)           1.837    -4.064    pll.clk_pll/inst/cpu_clk_clk_pll
    BUFGCTRL_X0Y0        BUFG (Prop_bufg_I_O)         0.096    -3.968 r  pll.clk_pll/inst/clkout1_buf/O
                         net (fo=1889, routed)        1.679    -2.289    cpu/cpu_clk
    SLICE_X124Y150       FDRE                                         r  cpu/ifid_inst_reg[6]/C
  -------------------------------------------------------------------    -------------------
    SLICE_X124Y150       FDRE (Prop_fdre_C_Q)         0.518    -1.771 r  cpu/ifid_inst_reg[6]/Q
                         net (fo=62, routed)          4.368     2.597    cpu/rf_raddr1[1]
    SLICE_X41Y96         LUT6 (Prop_lut6_I1_O)        0.124     2.721 r  cpu/idex_dest[4]_i_21/O
                         net (fo=1, routed)           0.518     3.239    cpu/idex_dest[4]_i_21_n_0
    SLICE_X40Y96         LUT6 (Prop_lut6_I1_O)        0.124     3.363 f  cpu/idex_dest[4]_i_9/O
                         net (fo=1, routed)           0.858     4.221    cpu/idex_dest[4]_i_9_n_0
    SLICE_X40Y98         LUT4 (Prop_lut4_I1_O)        0.124     4.345 f  cpu/idex_dest[4]_i_3/O
                         net (fo=3, routed)           0.692     5.037    cpu/idex_dest[4]_i_3_n_0
    SLICE_X40Y98         LUT6 (Prop_lut6_I5_O)        0.124     5.161 f  cpu/ds_valid_i_3/O
                         net (fo=3, routed)           0.621     5.782    cpu/ds_valid_i_3_n_0
    SLICE_X40Y97         LUT2 (Prop_lut2_I0_O)        0.124     5.906 r  cpu/ds_valid_i_1/O
                         net (fo=147, routed)         2.088     7.994    inst_ram/U0/inst_blk_mem_gen/gnbram.gnativebmg.native_blk_mem_gen/valid.cstr/ramloop[128].ram.r/prim_init.ram/ena
    SLICE_X46Y130        LUT3 (Prop_lut3_I1_O)        0.124     8.118 r  inst_ram/U0/inst_blk_mem_gen/gnbram.gnativebmg.native_blk_mem_gen/valid.cstr/ramloop[128].ram.r/prim_init.ram/DEVICE_7SERIES.NO_BMM_INFO.SP.SIMPLE_PRIM36.ram_i_2__0/O
                         net (fo=16, routed)          2.078    10.196    inst_ram/U0/inst_blk_mem_gen/gnbram.gnativebmg.native_blk_mem_gen/valid.cstr/ramloop[150].ram.r/prim_init.ram/DEVICE_7SERIES.NO_BMM_INFO.SP.SIMPLE_PRIM36.ram_1
    SLICE_X70Y173        LUT5 (Prop_lut5_I4_O)        0.116    10.312 r  inst_ram/U0/inst_blk_mem_gen/gnbram.gnativebmg.native_blk_mem_gen/valid.cstr/ramloop[150].ram.r/prim_init.ram/DEVICE_7SERIES.NO_BMM_INFO.SP.SIMPLE_PRIM36.ram_i_1__19/O
                         net (fo=5, routed)           0.982    11.294    inst_ram/U0/inst_blk_mem_gen/gnbram.gnativebmg.native_blk_mem_gen/valid.cstr/ramloop[22].ram.r/prim_init.ram/DEVICE_7SERIES.NO_BMM_INFO.SP.SIMPLE_PRIM36.ram_1
    SLICE_X78Y174        LUT4 (Prop_lut4_I3_O)        0.322    11.616 r  inst_ram/U0/inst_blk_mem_gen/gnbram.gnativebmg.native_blk_mem_gen/valid.cstr/ramloop[22].ram.r/prim_init.ram/DEVICE_7SERIES.NO_BMM_INFO.SP.SIMPLE_PRIM36.ram_ENARDEN_cooolgate_en_gate_458/O
                         net (fo=1, routed)           2.487    14.102    inst_ram/U0/inst_blk_mem_gen/gnbram.gnativebmg.native_blk_mem_gen/valid.cstr/ramloop[22].ram.r/prim_init.ram/DEVICE_7SERIES.NO_BMM_INFO.SP.SIMPLE_PRIM36.ram_ENARDEN_cooolgate_en_sig_256
    RAMB36_X8Y38         RAMB36E1                                     r  inst_ram/U0/inst_blk_mem_gen/gnbram.gnativebmg.native_blk_mem_gen/valid.cstr/ramloop[22].ram.r/prim_init.ram/DEVICE_7SERIES.NO_BMM_INFO.SP.SIMPLE_PRIM36.ram/ENARDEN
  -------------------------------------------------------------------    -------------------

                         (clock cpu_clk_clk_pll rise edge)
                                                     20.000    20.000 r  
    AC19                                              0.000    20.000 r  clk (IN)
                         net (fo=0)                   0.000    20.000    pll.clk_pll/inst/clk_in1
    AC19                 IBUF (Prop_ibuf_I_O)         1.414    21.414 r  pll.clk_pll/inst/clkin1_ibufg/O
                         net (fo=1, routed)           1.531    22.945    pll.clk_pll/inst/clk_in1_clk_pll
    PLLE2_ADV_X0Y2       PLLE2_ADV (Prop_plle2_adv_CLKIN1_CLKOUT0)
                                                     -8.262    14.684 r  pll.clk_pll/inst/plle2_adv_inst/CLKOUT0
                         net (fo=1, routed)           1.755    16.439    pll.clk_pll/inst/cpu_clk_clk_pll
    BUFGCTRL_X0Y0        BUFG (Prop_bufg_I_O)         0.091    16.530 r  pll.clk_pll/inst/clkout1_buf/O
                         net (fo=1889, routed)        1.669    18.199    inst_ram/U0/inst_blk_mem_gen/gnbram.gnativebmg.native_blk_mem_gen/valid.cstr/ramloop[22].ram.r/prim_init.ram/clka
    RAMB36_X8Y38         RAMB36E1                                     r  inst_ram/U0/inst_blk_mem_gen/gnbram.gnativebmg.native_blk_mem_gen/valid.cstr/ramloop[22].ram.r/prim_init.ram/DEVICE_7SERIES.NO_BMM_INFO.SP.SIMPLE_PRIM36.ram/CLKARDCLK
                         clock pessimism             -0.420    17.779    
                         clock uncertainty           -0.087    17.692    
    RAMB36_X8Y38         RAMB36E1 (Setup_ramb36e1_CLKARDCLK_ENARDEN)
                                                     -0.645    17.047    inst_ram/U0/inst_blk_mem_gen/gnbram.gnativebmg.native_blk_mem_gen/valid.cstr/ramloop[22].ram.r/prim_init.ram/DEVICE_7SERIES.NO_BMM_INFO.SP.SIMPLE_PRIM36.ram
  -------------------------------------------------------------------
                         required time                         17.047    
                         arrival time                         -14.102    
  -------------------------------------------------------------------
                         slack                                  2.945    

Slack (MET) :             2.958ns  (required time - arrival time)
  Source:                 cpu/ifid_inst_reg[6]/C
                            (rising edge-triggered cell FDRE clocked by cpu_clk_clk_pll  {rise@0.000ns fall@10.000ns period=20.000ns})
  Destination:            inst_ram/U0/inst_blk_mem_gen/gnbram.gnativebmg.native_blk_mem_gen/valid.cstr/ramloop[19].ram.r/prim_init.ram/DEVICE_7SERIES.NO_BMM_INFO.SP.SIMPLE_PRIM36.ram/ENARDEN
                            (rising edge-triggered cell RAMB36E1 clocked by cpu_clk_clk_pll  {rise@0.000ns fall@10.000ns period=20.000ns})
  Path Group:             cpu_clk_clk_pll
  Path Type:              Setup (Max at Slow Process Corner)
  Requirement:            20.000ns  (cpu_clk_clk_pll rise@20.000ns - cpu_clk_clk_pll rise@0.000ns)
  Data Path Delay:        16.375ns  (logic 1.923ns (11.744%)  route 14.452ns (88.256%))
  Logic Levels:           8  (LUT2=1 LUT3=1 LUT4=2 LUT5=1 LUT6=3)
  Clock Path Skew:        0.065ns (DCD - SCD + CPR)
    Destination Clock Delay (DCD):    -1.804ns = ( 18.196 - 20.000 ) 
    Source Clock Delay      (SCD):    -2.289ns
    Clock Pessimism Removal (CPR):    -0.420ns
  Clock Uncertainty:      0.087ns  ((TSJ^2 + DJ^2)^1/2) / 2 + PE
    Total System Jitter     (TSJ):    0.071ns
    Discrete Jitter          (DJ):    0.159ns
    Phase Error              (PE):    0.000ns

    Location             Delay type                Incr(ns)  Path(ns)    Netlist Resource(s)
  -------------------------------------------------------------------    -------------------
                         (clock cpu_clk_clk_pll rise edge)
                                                      0.000     0.000 r  
    AC19                                              0.000     0.000 r  clk (IN)
                         net (fo=0)                   0.000     0.000    pll.clk_pll/inst/clk_in1
    AC19                 IBUF (Prop_ibuf_I_O)         1.485     1.485 r  pll.clk_pll/inst/clkin1_ibufg/O
                         net (fo=1, routed)           1.619     3.104    pll.clk_pll/inst/clk_in1_clk_pll
    PLLE2_ADV_X0Y2       PLLE2_ADV (Prop_plle2_adv_CLKIN1_CLKOUT0)
                                                     -9.006    -5.902 r  pll.clk_pll/inst/plle2_adv_inst/CLKOUT0
                         net (fo=1, routed)           1.837    -4.064    pll.clk_pll/inst/cpu_clk_clk_pll
    BUFGCTRL_X0Y0        BUFG (Prop_bufg_I_O)         0.096    -3.968 r  pll.clk_pll/inst/clkout1_buf/O
                         net (fo=1889, routed)        1.679    -2.289    cpu/cpu_clk
    SLICE_X124Y150       FDRE                                         r  cpu/ifid_inst_reg[6]/C
  -------------------------------------------------------------------    -------------------
    SLICE_X124Y150       FDRE (Prop_fdre_C_Q)         0.518    -1.771 r  cpu/ifid_inst_reg[6]/Q
                         net (fo=62, routed)          4.368     2.597    cpu/rf_raddr1[1]
    SLICE_X41Y96         LUT6 (Prop_lut6_I1_O)        0.124     2.721 r  cpu/idex_dest[4]_i_21/O
                         net (fo=1, routed)           0.518     3.239    cpu/idex_dest[4]_i_21_n_0
    SLICE_X40Y96         LUT6 (Prop_lut6_I1_O)        0.124     3.363 f  cpu/idex_dest[4]_i_9/O
                         net (fo=1, routed)           0.858     4.221    cpu/idex_dest[4]_i_9_n_0
    SLICE_X40Y98         LUT4 (Prop_lut4_I1_O)        0.124     4.345 f  cpu/idex_dest[4]_i_3/O
                         net (fo=3, routed)           0.692     5.037    cpu/idex_dest[4]_i_3_n_0
    SLICE_X40Y98         LUT6 (Prop_lut6_I5_O)        0.124     5.161 f  cpu/ds_valid_i_3/O
                         net (fo=3, routed)           0.621     5.782    cpu/ds_valid_i_3_n_0
    SLICE_X40Y97         LUT2 (Prop_lut2_I0_O)        0.124     5.906 r  cpu/ds_valid_i_1/O
                         net (fo=147, routed)         2.088     7.994    inst_ram/U0/inst_blk_mem_gen/gnbram.gnativebmg.native_blk_mem_gen/valid.cstr/ramloop[139].ram.r/prim_init.ram/ena
    SLICE_X46Y130        LUT3 (Prop_lut3_I1_O)        0.116     8.110 r  inst_ram/U0/inst_blk_mem_gen/gnbram.gnativebmg.native_blk_mem_gen/valid.cstr/ramloop[139].ram.r/prim_init.ram/DEVICE_7SERIES.NO_BMM_INFO.SP.SIMPLE_PRIM36.ram_i_2__2/O
                         net (fo=16, routed)          2.562    10.672    inst_ram/U0/inst_blk_mem_gen/gnbram.gnativebmg.native_blk_mem_gen/valid.cstr/ramloop[147].ram.r/prim_init.ram/DEVICE_7SERIES.NO_BMM_INFO.SP.SIMPLE_PRIM36.ram_1
    SLICE_X78Y177        LUT5 (Prop_lut5_I4_O)        0.322    10.994 r  inst_ram/U0/inst_blk_mem_gen/gnbram.gnativebmg.native_blk_mem_gen/valid.cstr/ramloop[147].ram.r/prim_init.ram/DEVICE_7SERIES.NO_BMM_INFO.SP.SIMPLE_PRIM36.ram_i_1__59/O
                         net (fo=5, routed)           0.483    11.477    inst_ram/U0/inst_blk_mem_gen/gnbram.gnativebmg.native_blk_mem_gen/valid.cstr/ramloop[19].ram.r/prim_init.ram/DEVICE_7SERIES.NO_BMM_INFO.SP.SIMPLE_PRIM36.ram_1
    SLICE_X78Y178        LUT4 (Prop_lut4_I3_O)        0.347    11.824 r  inst_ram/U0/inst_blk_mem_gen/gnbram.gnativebmg.native_blk_mem_gen/valid.cstr/ramloop[19].ram.r/prim_init.ram/DEVICE_7SERIES.NO_BMM_INFO.SP.SIMPLE_PRIM36.ram_ENARDEN_cooolgate_en_gate_429/O
                         net (fo=1, routed)           2.262    14.086    inst_ram/U0/inst_blk_mem_gen/gnbram.gnativebmg.native_blk_mem_gen/valid.cstr/ramloop[19].ram.r/prim_init.ram/DEVICE_7SERIES.NO_BMM_INFO.SP.SIMPLE_PRIM36.ram_ENARDEN_cooolgate_en_sig_240
    RAMB36_X7Y39         RAMB36E1                                     r  inst_ram/U0/inst_blk_mem_gen/gnbram.gnativebmg.native_blk_mem_gen/valid.cstr/ramloop[19].ram.r/prim_init.ram/DEVICE_7SERIES.NO_BMM_INFO.SP.SIMPLE_PRIM36.ram/ENARDEN
  -------------------------------------------------------------------    -------------------

                         (clock cpu_clk_clk_pll rise edge)
                                                     20.000    20.000 r  
    AC19                                              0.000    20.000 r  clk (IN)
                         net (fo=0)                   0.000    20.000    pll.clk_pll/inst/clk_in1
    AC19                 IBUF (Prop_ibuf_I_O)         1.414    21.414 r  pll.clk_pll/inst/clkin1_ibufg/O
                         net (fo=1, routed)           1.531    22.945    pll.clk_pll/inst/clk_in1_clk_pll
    PLLE2_ADV_X0Y2       PLLE2_ADV (Prop_plle2_adv_CLKIN1_CLKOUT0)
                                                     -8.262    14.684 r  pll.clk_pll/inst/plle2_adv_inst/CLKOUT0
                         net (fo=1, routed)           1.755    16.439    pll.clk_pll/inst/cpu_clk_clk_pll
    BUFGCTRL_X0Y0        BUFG (Prop_bufg_I_O)         0.091    16.530 r  pll.clk_pll/inst/clkout1_buf/O
                         net (fo=1889, routed)        1.666    18.196    inst_ram/U0/inst_blk_mem_gen/gnbram.gnativebmg.native_blk_mem_gen/valid.cstr/ramloop[19].ram.r/prim_init.ram/clka
    RAMB36_X7Y39         RAMB36E1                                     r  inst_ram/U0/inst_blk_mem_gen/gnbram.gnativebmg.native_blk_mem_gen/valid.cstr/ramloop[19].ram.r/prim_init.ram/DEVICE_7SERIES.NO_BMM_INFO.SP.SIMPLE_PRIM36.ram/CLKARDCLK
                         clock pessimism             -0.420    17.776    
                         clock uncertainty           -0.087    17.689    
    RAMB36_X7Y39         RAMB36E1 (Setup_ramb36e1_CLKARDCLK_ENARDEN)
                                                     -0.645    17.044    inst_ram/U0/inst_blk_mem_gen/gnbram.gnativebmg.native_blk_mem_gen/valid.cstr/ramloop[19].ram.r/prim_init.ram/DEVICE_7SERIES.NO_BMM_INFO.SP.SIMPLE_PRIM36.ram
  -------------------------------------------------------------------
                         required time                         17.044    
                         arrival time                         -14.086    
  -------------------------------------------------------------------
                         slack                                  2.958    

Slack (MET) :             3.047ns  (required time - arrival time)
  Source:                 cpu/ifid_inst_reg[6]/C
                            (rising edge-triggered cell FDRE clocked by cpu_clk_clk_pll  {rise@0.000ns fall@10.000ns period=20.000ns})
  Destination:            inst_ram/U0/inst_blk_mem_gen/gnbram.gnativebmg.native_blk_mem_gen/valid.cstr/ramloop[25].ram.r/prim_init.ram/DEVICE_7SERIES.NO_BMM_INFO.SP.SIMPLE_PRIM36.ram/ENARDEN
                            (rising edge-triggered cell RAMB36E1 clocked by cpu_clk_clk_pll  {rise@0.000ns fall@10.000ns period=20.000ns})
  Path Group:             cpu_clk_clk_pll
  Path Type:              Setup (Max at Slow Process Corner)
  Requirement:            20.000ns  (cpu_clk_clk_pll rise@20.000ns - cpu_clk_clk_pll rise@0.000ns)
  Data Path Delay:        16.285ns  (logic 1.701ns (10.445%)  route 14.584ns (89.555%))
  Logic Levels:           8  (LUT2=1 LUT3=1 LUT4=2 LUT5=1 LUT6=3)
  Clock Path Skew:        0.069ns (DCD - SCD + CPR)
    Destination Clock Delay (DCD):    -1.800ns = ( 18.200 - 20.000 ) 
    Source Clock Delay      (SCD):    -2.289ns
    Clock Pessimism Removal (CPR):    -0.420ns
  Clock Uncertainty:      0.087ns  ((TSJ^2 + DJ^2)^1/2) / 2 + PE
    Total System Jitter     (TSJ):    0.071ns
    Discrete Jitter          (DJ):    0.159ns
    Phase Error              (PE):    0.000ns

    Location             Delay type                Incr(ns)  Path(ns)    Netlist Resource(s)
  -------------------------------------------------------------------    -------------------
                         (clock cpu_clk_clk_pll rise edge)
                                                      0.000     0.000 r  
    AC19                                              0.000     0.000 r  clk (IN)
                         net (fo=0)                   0.000     0.000    pll.clk_pll/inst/clk_in1
    AC19                 IBUF (Prop_ibuf_I_O)         1.485     1.485 r  pll.clk_pll/inst/clkin1_ibufg/O
                         net (fo=1, routed)           1.619     3.104    pll.clk_pll/inst/clk_in1_clk_pll
    PLLE2_ADV_X0Y2       PLLE2_ADV (Prop_plle2_adv_CLKIN1_CLKOUT0)
                                                     -9.006    -5.902 r  pll.clk_pll/inst/plle2_adv_inst/CLKOUT0
                         net (fo=1, routed)           1.837    -4.064    pll.clk_pll/inst/cpu_clk_clk_pll
    BUFGCTRL_X0Y0        BUFG (Prop_bufg_I_O)         0.096    -3.968 r  pll.clk_pll/inst/clkout1_buf/O
                         net (fo=1889, routed)        1.679    -2.289    cpu/cpu_clk
    SLICE_X124Y150       FDRE                                         r  cpu/ifid_inst_reg[6]/C
  -------------------------------------------------------------------    -------------------
    SLICE_X124Y150       FDRE (Prop_fdre_C_Q)         0.518    -1.771 r  cpu/ifid_inst_reg[6]/Q
                         net (fo=62, routed)          4.368     2.597    cpu/rf_raddr1[1]
    SLICE_X41Y96         LUT6 (Prop_lut6_I1_O)        0.124     2.721 r  cpu/idex_dest[4]_i_21/O
                         net (fo=1, routed)           0.518     3.239    cpu/idex_dest[4]_i_21_n_0
    SLICE_X40Y96         LUT6 (Prop_lut6_I1_O)        0.124     3.363 f  cpu/idex_dest[4]_i_9/O
                         net (fo=1, routed)           0.858     4.221    cpu/idex_dest[4]_i_9_n_0
    SLICE_X40Y98         LUT4 (Prop_lut4_I1_O)        0.124     4.345 f  cpu/idex_dest[4]_i_3/O
                         net (fo=3, routed)           0.692     5.037    cpu/idex_dest[4]_i_3_n_0
    SLICE_X40Y98         LUT6 (Prop_lut6_I5_O)        0.124     5.161 f  cpu/ds_valid_i_3/O
                         net (fo=3, routed)           0.621     5.782    cpu/ds_valid_i_3_n_0
    SLICE_X40Y97         LUT2 (Prop_lut2_I0_O)        0.124     5.906 r  cpu/ds_valid_i_1/O
                         net (fo=147, routed)         2.088     7.994    inst_ram/U0/inst_blk_mem_gen/gnbram.gnativebmg.native_blk_mem_gen/valid.cstr/ramloop[139].ram.r/prim_init.ram/ena
    SLICE_X46Y130        LUT3 (Prop_lut3_I1_O)        0.116     8.110 r  inst_ram/U0/inst_blk_mem_gen/gnbram.gnativebmg.native_blk_mem_gen/valid.cstr/ramloop[139].ram.r/prim_init.ram/DEVICE_7SERIES.NO_BMM_INFO.SP.SIMPLE_PRIM36.ram_i_2__2/O
                         net (fo=16, routed)          2.407    10.517    inst_ram/U0/inst_blk_mem_gen/gnbram.gnativebmg.native_blk_mem_gen/valid.cstr/ramloop[153].ram.r/prim_init.ram/DEVICE_7SERIES.NO_BMM_INFO.SP.SIMPLE_PRIM36.ram_1
    SLICE_X78Y177        LUT5 (Prop_lut5_I4_O)        0.328    10.845 r  inst_ram/U0/inst_blk_mem_gen/gnbram.gnativebmg.native_blk_mem_gen/valid.cstr/ramloop[153].ram.r/prim_init.ram/DEVICE_7SERIES.NO_BMM_INFO.SP.SIMPLE_PRIM36.ram_i_1__32/O
                         net (fo=5, routed)           0.589    11.434    inst_ram/U0/inst_blk_mem_gen/gnbram.gnativebmg.native_blk_mem_gen/valid.cstr/ramloop[25].ram.r/prim_init.ram/DEVICE_7SERIES.NO_BMM_INFO.SP.SIMPLE_PRIM36.ram_1
    SLICE_X78Y176        LUT4 (Prop_lut4_I3_O)        0.119    11.553 r  inst_ram/U0/inst_blk_mem_gen/gnbram.gnativebmg.native_blk_mem_gen/valid.cstr/ramloop[25].ram.r/prim_init.ram/DEVICE_7SERIES.NO_BMM_INFO.SP.SIMPLE_PRIM36.ram_ENARDEN_cooolgate_en_gate_485/O
                         net (fo=1, routed)           2.442    13.996    inst_ram/U0/inst_blk_mem_gen/gnbram.gnativebmg.native_blk_mem_gen/valid.cstr/ramloop[25].ram.r/prim_init.ram/DEVICE_7SERIES.NO_BMM_INFO.SP.SIMPLE_PRIM36.ram_ENARDEN_cooolgate_en_sig_271
    RAMB36_X8Y39         RAMB36E1                                     r  inst_ram/U0/inst_blk_mem_gen/gnbram.gnativebmg.native_blk_mem_gen/valid.cstr/ramloop[25].ram.r/prim_init.ram/DEVICE_7SERIES.NO_BMM_INFO.SP.SIMPLE_PRIM36.ram/ENARDEN
  -------------------------------------------------------------------    -------------------

                         (clock cpu_clk_clk_pll rise edge)
                                                     20.000    20.000 r  
    AC19                                              0.000    20.000 r  clk (IN)
                         net (fo=0)                   0.000    20.000    pll.clk_pll/inst/clk_in1
    AC19                 IBUF (Prop_ibuf_I_O)         1.414    21.414 r  pll.clk_pll/inst/clkin1_ibufg/O
                         net (fo=1, routed)           1.531    22.945    pll.clk_pll/inst/clk_in1_clk_pll
    PLLE2_ADV_X0Y2       PLLE2_ADV (Prop_plle2_adv_CLKIN1_CLKOUT0)
                                                     -8.262    14.684 r  pll.clk_pll/inst/plle2_adv_inst/CLKOUT0
                         net (fo=1, routed)           1.755    16.439    pll.clk_pll/inst/cpu_clk_clk_pll
    BUFGCTRL_X0Y0        BUFG (Prop_bufg_I_O)         0.091    16.530 r  pll.clk_pll/inst/clkout1_buf/O
                         net (fo=1889, routed)        1.670    18.200    inst_ram/U0/inst_blk_mem_gen/gnbram.gnativebmg.native_blk_mem_gen/valid.cstr/ramloop[25].ram.r/prim_init.ram/clka
    RAMB36_X8Y39         RAMB36E1                                     r  inst_ram/U0/inst_blk_mem_gen/gnbram.gnativebmg.native_blk_mem_gen/valid.cstr/ramloop[25].ram.r/prim_init.ram/DEVICE_7SERIES.NO_BMM_INFO.SP.SIMPLE_PRIM36.ram/CLKARDCLK
                         clock pessimism             -0.420    17.780    
                         clock uncertainty           -0.087    17.693    
    RAMB36_X8Y39         RAMB36E1 (Setup_ramb36e1_CLKARDCLK_ENARDEN)
                                                     -0.651    17.042    inst_ram/U0/inst_blk_mem_gen/gnbram.gnativebmg.native_blk_mem_gen/valid.cstr/ramloop[25].ram.r/prim_init.ram/DEVICE_7SERIES.NO_BMM_INFO.SP.SIMPLE_PRIM36.ram
  -------------------------------------------------------------------
                         required time                         17.042    
                         arrival time                         -13.996    
  -------------------------------------------------------------------
                         slack                                  3.047    

Slack (MET) :             3.064ns  (required time - arrival time)
  Source:                 cpu/ifid_inst_reg[6]/C
                            (rising edge-triggered cell FDRE clocked by cpu_clk_clk_pll  {rise@0.000ns fall@10.000ns period=20.000ns})
  Destination:            inst_ram/U0/inst_blk_mem_gen/gnbram.gnativebmg.native_blk_mem_gen/valid.cstr/ramloop[21].ram.r/prim_init.ram/DEVICE_7SERIES.NO_BMM_INFO.SP.SIMPLE_PRIM36.ram/ENARDEN
                            (rising edge-triggered cell RAMB36E1 clocked by cpu_clk_clk_pll  {rise@0.000ns fall@10.000ns period=20.000ns})
  Path Group:             cpu_clk_clk_pll
  Path Type:              Setup (Max at Slow Process Corner)
  Requirement:            20.000ns  (cpu_clk_clk_pll rise@20.000ns - cpu_clk_clk_pll rise@0.000ns)
  Data Path Delay:        16.269ns  (logic 1.700ns (10.449%)  route 14.569ns (89.551%))
  Logic Levels:           8  (LUT2=1 LUT3=1 LUT4=2 LUT5=1 LUT6=3)
  Clock Path Skew:        0.065ns (DCD - SCD + CPR)
    Destination Clock Delay (DCD):    -1.804ns = ( 18.196 - 20.000 ) 
    Source Clock Delay      (SCD):    -2.289ns
    Clock Pessimism Removal (CPR):    -0.420ns
  Clock Uncertainty:      0.087ns  ((TSJ^2 + DJ^2)^1/2) / 2 + PE
    Total System Jitter     (TSJ):    0.071ns
    Discrete Jitter          (DJ):    0.159ns
    Phase Error              (PE):    0.000ns

    Location             Delay type                Incr(ns)  Path(ns)    Netlist Resource(s)
  -------------------------------------------------------------------    -------------------
                         (clock cpu_clk_clk_pll rise edge)
                                                      0.000     0.000 r  
    AC19                                              0.000     0.000 r  clk (IN)
                         net (fo=0)                   0.000     0.000    pll.clk_pll/inst/clk_in1
    AC19                 IBUF (Prop_ibuf_I_O)         1.485     1.485 r  pll.clk_pll/inst/clkin1_ibufg/O
                         net (fo=1, routed)           1.619     3.104    pll.clk_pll/inst/clk_in1_clk_pll
    PLLE2_ADV_X0Y2       PLLE2_ADV (Prop_plle2_adv_CLKIN1_CLKOUT0)
                                                     -9.006    -5.902 r  pll.clk_pll/inst/plle2_adv_inst/CLKOUT0
                         net (fo=1, routed)           1.837    -4.064    pll.clk_pll/inst/cpu_clk_clk_pll
    BUFGCTRL_X0Y0        BUFG (Prop_bufg_I_O)         0.096    -3.968 r  pll.clk_pll/inst/clkout1_buf/O
                         net (fo=1889, routed)        1.679    -2.289    cpu/cpu_clk
    SLICE_X124Y150       FDRE                                         r  cpu/ifid_inst_reg[6]/C
  -------------------------------------------------------------------    -------------------
    SLICE_X124Y150       FDRE (Prop_fdre_C_Q)         0.518    -1.771 r  cpu/ifid_inst_reg[6]/Q
                         net (fo=62, routed)          4.368     2.597    cpu/rf_raddr1[1]
    SLICE_X41Y96         LUT6 (Prop_lut6_I1_O)        0.124     2.721 r  cpu/idex_dest[4]_i_21/O
                         net (fo=1, routed)           0.518     3.239    cpu/idex_dest[4]_i_21_n_0
    SLICE_X40Y96         LUT6 (Prop_lut6_I1_O)        0.124     3.363 f  cpu/idex_dest[4]_i_9/O
                         net (fo=1, routed)           0.858     4.221    cpu/idex_dest[4]_i_9_n_0
    SLICE_X40Y98         LUT4 (Prop_lut4_I1_O)        0.124     4.345 f  cpu/idex_dest[4]_i_3/O
                         net (fo=3, routed)           0.692     5.037    cpu/idex_dest[4]_i_3_n_0
    SLICE_X40Y98         LUT6 (Prop_lut6_I5_O)        0.124     5.161 f  cpu/ds_valid_i_3/O
                         net (fo=3, routed)           0.621     5.782    cpu/ds_valid_i_3_n_0
    SLICE_X40Y97         LUT2 (Prop_lut2_I0_O)        0.124     5.906 r  cpu/ds_valid_i_1/O
                         net (fo=147, routed)         2.088     7.994    inst_ram/U0/inst_blk_mem_gen/gnbram.gnativebmg.native_blk_mem_gen/valid.cstr/ramloop[139].ram.r/prim_init.ram/ena
    SLICE_X46Y130        LUT3 (Prop_lut3_I1_O)        0.116     8.110 r  inst_ram/U0/inst_blk_mem_gen/gnbram.gnativebmg.native_blk_mem_gen/valid.cstr/ramloop[139].ram.r/prim_init.ram/DEVICE_7SERIES.NO_BMM_INFO.SP.SIMPLE_PRIM36.ram_i_2__2/O
                         net (fo=16, routed)          2.421    10.531    inst_ram/U0/inst_blk_mem_gen/gnbram.gnativebmg.native_blk_mem_gen/valid.cstr/ramloop[149].ram.r/prim_init.ram/DEVICE_7SERIES.NO_BMM_INFO.SP.SIMPLE_PRIM36.ram_1
    SLICE_X78Y175        LUT5 (Prop_lut5_I4_O)        0.328    10.859 r  inst_ram/U0/inst_blk_mem_gen/gnbram.gnativebmg.native_blk_mem_gen/valid.cstr/ramloop[149].ram.r/prim_init.ram/DEVICE_7SERIES.NO_BMM_INFO.SP.SIMPLE_PRIM36.ram_i_1__58/O
                         net (fo=5, routed)           0.724    11.583    inst_ram/U0/inst_blk_mem_gen/gnbram.gnativebmg.native_blk_mem_gen/valid.cstr/ramloop[21].ram.r/prim_init.ram/DEVICE_7SERIES.NO_BMM_INFO.SP.SIMPLE_PRIM36.ram_1
    SLICE_X78Y180        LUT4 (Prop_lut4_I3_O)        0.118    11.701 r  inst_ram/U0/inst_blk_mem_gen/gnbram.gnativebmg.native_blk_mem_gen/valid.cstr/ramloop[21].ram.r/prim_init.ram/DEVICE_7SERIES.NO_BMM_INFO.SP.SIMPLE_PRIM36.ram_ENARDEN_cooolgate_en_gate_449/O
                         net (fo=1, routed)           2.279    13.980    inst_ram/U0/inst_blk_mem_gen/gnbram.gnativebmg.native_blk_mem_gen/valid.cstr/ramloop[21].ram.r/prim_init.ram/DEVICE_7SERIES.NO_BMM_INFO.SP.SIMPLE_PRIM36.ram_ENARDEN_cooolgate_en_sig_251
    RAMB36_X8Y37         RAMB36E1                                     r  inst_ram/U0/inst_blk_mem_gen/gnbram.gnativebmg.native_blk_mem_gen/valid.cstr/ramloop[21].ram.r/prim_init.ram/DEVICE_7SERIES.NO_BMM_INFO.SP.SIMPLE_PRIM36.ram/ENARDEN
  -------------------------------------------------------------------    -------------------

                         (clock cpu_clk_clk_pll rise edge)
                                                     20.000    20.000 r  
    AC19                                              0.000    20.000 r  clk (IN)
                         net (fo=0)                   0.000    20.000    pll.clk_pll/inst/clk_in1
    AC19                 IBUF (Prop_ibuf_I_O)         1.414    21.414 r  pll.clk_pll/inst/clkin1_ibufg/O
                         net (fo=1, routed)           1.531    22.945    pll.clk_pll/inst/clk_in1_clk_pll
    PLLE2_ADV_X0Y2       PLLE2_ADV (Prop_plle2_adv_CLKIN1_CLKOUT0)
                                                     -8.262    14.684 r  pll.clk_pll/inst/plle2_adv_inst/CLKOUT0
                         net (fo=1, routed)           1.755    16.439    pll.clk_pll/inst/cpu_clk_clk_pll
    BUFGCTRL_X0Y0        BUFG (Prop_bufg_I_O)         0.091    16.530 r  pll.clk_pll/inst/clkout1_buf/O
                         net (fo=1889, routed)        1.666    18.196    inst_ram/U0/inst_blk_mem_gen/gnbram.gnativebmg.native_blk_mem_gen/valid.cstr/ramloop[21].ram.r/prim_init.ram/clka
    RAMB36_X8Y37         RAMB36E1                                     r  inst_ram/U0/inst_blk_mem_gen/gnbram.gnativebmg.native_blk_mem_gen/valid.cstr/ramloop[21].ram.r/prim_init.ram/DEVICE_7SERIES.NO_BMM_INFO.SP.SIMPLE_PRIM36.ram/CLKARDCLK
                         clock pessimism             -0.420    17.776    
                         clock uncertainty           -0.087    17.689    
    RAMB36_X8Y37         RAMB36E1 (Setup_ramb36e1_CLKARDCLK_ENARDEN)
                                                     -0.645    17.044    inst_ram/U0/inst_blk_mem_gen/gnbram.gnativebmg.native_blk_mem_gen/valid.cstr/ramloop[21].ram.r/prim_init.ram/DEVICE_7SERIES.NO_BMM_INFO.SP.SIMPLE_PRIM36.ram
  -------------------------------------------------------------------
                         required time                         17.044    
                         arrival time                         -13.980    
  -------------------------------------------------------------------
                         slack                                  3.064    





Min Delay Paths
--------------------------------------------------------------------------------------
Slack (MET) :             0.116ns  (arrival time - required time)
  Source:                 cpu/memwb_result_reg[19]/C
                            (rising edge-triggered cell FDRE clocked by cpu_clk_clk_pll  {rise@0.000ns fall@10.000ns period=20.000ns})
  Destination:            cpu/u_regfile/rf_reg_r2_0_31_18_23/RAMA_D1/I
                            (rising edge-triggered cell RAMD32 clocked by cpu_clk_clk_pll  {rise@0.000ns fall@10.000ns period=20.000ns})
  Path Group:             cpu_clk_clk_pll
  Path Type:              Hold (Min at Fast Process Corner)
  Requirement:            0.000ns  (cpu_clk_clk_pll rise@0.000ns - cpu_clk_clk_pll rise@0.000ns)
  Data Path Delay:        0.252ns  (logic 0.141ns (55.910%)  route 0.111ns (44.090%))
  Logic Levels:           0  
  Clock Path Skew:        0.016ns (DCD - SCD - CPR)
    Destination Clock Delay (DCD):    -0.197ns
    Source Clock Delay      (SCD):    -0.441ns
    Clock Pessimism Removal (CPR):    0.228ns

    Location             Delay type                Incr(ns)  Path(ns)    Netlist Resource(s)
  -------------------------------------------------------------------    -------------------
                         (clock cpu_clk_clk_pll rise edge)
                                                      0.000     0.000 r  
    AC19                                              0.000     0.000 r  clk (IN)
                         net (fo=0)                   0.000     0.000    pll.clk_pll/inst/clk_in1
    AC19                 IBUF (Prop_ibuf_I_O)         0.253     0.253 r  pll.clk_pll/inst/clkin1_ibufg/O
                         net (fo=1, routed)           0.565     0.818    pll.clk_pll/inst/clk_in1_clk_pll
    PLLE2_ADV_X0Y2       PLLE2_ADV (Prop_plle2_adv_CLKIN1_CLKOUT0)
                                                     -2.523    -1.705 r  pll.clk_pll/inst/plle2_adv_inst/CLKOUT0
                         net (fo=1, routed)           0.560    -1.146    pll.clk_pll/inst/cpu_clk_clk_pll
    BUFGCTRL_X0Y0        BUFG (Prop_bufg_I_O)         0.026    -1.120 r  pll.clk_pll/inst/clkout1_buf/O
                         net (fo=1889, routed)        0.678    -0.441    cpu/cpu_clk
    SLICE_X38Y86         FDRE                                         r  cpu/memwb_result_reg[19]/C
  -------------------------------------------------------------------    -------------------
    SLICE_X38Y86         FDRE (Prop_fdre_C_Q)         0.141    -0.300 r  cpu/memwb_result_reg[19]/Q
                         net (fo=2, routed)           0.111    -0.189    cpu/u_regfile/rf_reg_r2_0_31_18_23/DIA1
    SLICE_X40Y87         RAMD32                                       r  cpu/u_regfile/rf_reg_r2_0_31_18_23/RAMA_D1/I
  -------------------------------------------------------------------    -------------------

                         (clock cpu_clk_clk_pll rise edge)
                                                      0.000     0.000 r  
    AC19                                              0.000     0.000 r  clk (IN)
                         net (fo=0)                   0.000     0.000    pll.clk_pll/inst/clk_in1
    AC19                 IBUF (Prop_ibuf_I_O)         0.441     0.441 r  pll.clk_pll/inst/clkin1_ibufg/O
                         net (fo=1, routed)           0.620     1.061    pll.clk_pll/inst/clk_in1_clk_pll
    PLLE2_ADV_X0Y2       PLLE2_ADV (Prop_plle2_adv_CLKIN1_CLKOUT0)
                                                     -2.851    -1.790 r  pll.clk_pll/inst/plle2_adv_inst/CLKOUT0
                         net (fo=1, routed)           0.611    -1.180    pll.clk_pll/inst/cpu_clk_clk_pll
    BUFGCTRL_X0Y0        BUFG (Prop_bufg_I_O)         0.029    -1.151 r  pll.clk_pll/inst/clkout1_buf/O
                         net (fo=1889, routed)        0.954    -0.197    cpu/u_regfile/rf_reg_r2_0_31_18_23/WCLK
    SLICE_X40Y87         RAMD32                                       r  cpu/u_regfile/rf_reg_r2_0_31_18_23/RAMA_D1/CLK
                         clock pessimism             -0.228    -0.425    
    SLICE_X40Y87         RAMD32 (Hold_ramd32_CLK_I)
                                                      0.120    -0.305    cpu/u_regfile/rf_reg_r2_0_31_18_23/RAMA_D1
  -------------------------------------------------------------------
                         required time                          0.305    
                         arrival time                          -0.189    
  -------------------------------------------------------------------
                         slack                                  0.116    

Slack (MET) :             0.117ns  (arrival time - required time)
  Source:                 cpu/idex_store_data_reg[26]/C
                            (rising edge-triggered cell FDRE clocked by cpu_clk_clk_pll  {rise@0.000ns fall@10.000ns period=20.000ns})
  Destination:            data_ram/U0/inst_blk_mem_gen/gnbram.gnativebmg.native_blk_mem_gen/valid.cstr/ramloop[58].ram.r/prim_noinit.ram/DEVICE_7SERIES.NO_BMM_INFO.SP.SIMPLE_PRIM36.ram/DIADI[2]
                            (rising edge-triggered cell RAMB36E1 clocked by cpu_clk_clk_pll  {rise@0.000ns fall@10.000ns period=20.000ns})
  Path Group:             cpu_clk_clk_pll
  Path Type:              Hold (Min at Fast Process Corner)
  Requirement:            0.000ns  (cpu_clk_clk_pll rise@0.000ns - cpu_clk_clk_pll rise@0.000ns)
  Data Path Delay:        0.411ns  (logic 0.128ns (31.167%)  route 0.283ns (68.833%))
  Logic Levels:           0  
  Clock Path Skew:        0.050ns (DCD - SCD - CPR)
    Destination Clock Delay (DCD):    -0.182ns
    Source Clock Delay      (SCD):    -0.438ns
    Clock Pessimism Removal (CPR):    0.206ns

    Location             Delay type                Incr(ns)  Path(ns)    Netlist Resource(s)
  -------------------------------------------------------------------    -------------------
                         (clock cpu_clk_clk_pll rise edge)
                                                      0.000     0.000 r  
    AC19                                              0.000     0.000 r  clk (IN)
                         net (fo=0)                   0.000     0.000    pll.clk_pll/inst/clk_in1
    AC19                 IBUF (Prop_ibuf_I_O)         0.253     0.253 r  pll.clk_pll/inst/clkin1_ibufg/O
                         net (fo=1, routed)           0.565     0.818    pll.clk_pll/inst/clk_in1_clk_pll
    PLLE2_ADV_X0Y2       PLLE2_ADV (Prop_plle2_adv_CLKIN1_CLKOUT0)
                                                     -2.523    -1.705 r  pll.clk_pll/inst/plle2_adv_inst/CLKOUT0
                         net (fo=1, routed)           0.560    -1.146    pll.clk_pll/inst/cpu_clk_clk_pll
    BUFGCTRL_X0Y0        BUFG (Prop_bufg_I_O)         0.026    -1.120 r  pll.clk_pll/inst/clkout1_buf/O
                         net (fo=1889, routed)        0.681    -0.438    cpu/cpu_clk
    SLICE_X41Y90         FDRE                                         r  cpu/idex_store_data_reg[26]/C
  -------------------------------------------------------------------    -------------------
    SLICE_X41Y90         FDRE (Prop_fdre_C_Q)         0.128    -0.310 r  cpu/idex_store_data_reg[26]/Q
                         net (fo=32, routed)          0.283    -0.028    data_ram/U0/inst_blk_mem_gen/gnbram.gnativebmg.native_blk_mem_gen/valid.cstr/ramloop[58].ram.r/prim_noinit.ram/dina[2]
    RAMB36_X2Y18         RAMB36E1                                     r  data_ram/U0/inst_blk_mem_gen/gnbram.gnativebmg.native_blk_mem_gen/valid.cstr/ramloop[58].ram.r/prim_noinit.ram/DEVICE_7SERIES.NO_BMM_INFO.SP.SIMPLE_PRIM36.ram/DIADI[2]
  -------------------------------------------------------------------    -------------------

                         (clock cpu_clk_clk_pll rise edge)
                                                      0.000     0.000 r  
    AC19                                              0.000     0.000 r  clk (IN)
                         net (fo=0)                   0.000     0.000    pll.clk_pll/inst/clk_in1
    AC19                 IBUF (Prop_ibuf_I_O)         0.441     0.441 r  pll.clk_pll/inst/clkin1_ibufg/O
                         net (fo=1, routed)           0.620     1.061    pll.clk_pll/inst/clk_in1_clk_pll
    PLLE2_ADV_X0Y2       PLLE2_ADV (Prop_plle2_adv_CLKIN1_CLKOUT0)
                                                     -2.851    -1.790 r  pll.clk_pll/inst/plle2_adv_inst/CLKOUT0
                         net (fo=1, routed)           0.611    -1.180    pll.clk_pll/inst/cpu_clk_clk_pll
    BUFGCTRL_X0Y0        BUFG (Prop_bufg_I_O)         0.029    -1.151 r  pll.clk_pll/inst/clkout1_buf/O
                         net (fo=1889, routed)        0.969    -0.182    data_ram/U0/inst_blk_mem_gen/gnbram.gnativebmg.native_blk_mem_gen/valid.cstr/ramloop[58].ram.r/prim_noinit.ram/clka
    RAMB36_X2Y18         RAMB36E1                                     r  data_ram/U0/inst_blk_mem_gen/gnbram.gnativebmg.native_blk_mem_gen/valid.cstr/ramloop[58].ram.r/prim_noinit.ram/DEVICE_7SERIES.NO_BMM_INFO.SP.SIMPLE_PRIM36.ram/CLKARDCLK
                         clock pessimism             -0.206    -0.388    
    RAMB36_X2Y18         RAMB36E1 (Hold_ramb36e1_CLKARDCLK_DIADI[2])
                                                      0.243    -0.145    data_ram/U0/inst_blk_mem_gen/gnbram.gnativebmg.native_blk_mem_gen/valid.cstr/ramloop[58].ram.r/prim_noinit.ram/DEVICE_7SERIES.NO_BMM_INFO.SP.SIMPLE_PRIM36.ram
  -------------------------------------------------------------------
                         required time                          0.145    
                         arrival time                          -0.028    
  -------------------------------------------------------------------
                         slack                                  0.117    

Slack (MET) :             0.119ns  (arrival time - required time)
  Source:                 u_confreg/timer_r1_reg[21]/C
                            (rising edge-triggered cell FDRE clocked by cpu_clk_clk_pll  {rise@0.000ns fall@10.000ns period=20.000ns})
  Destination:            u_confreg/timer_r2_reg[21]/D
                            (rising edge-triggered cell FDRE clocked by cpu_clk_clk_pll  {rise@0.000ns fall@10.000ns period=20.000ns})
  Path Group:             cpu_clk_clk_pll
  Path Type:              Hold (Min at Fast Process Corner)
  Requirement:            0.000ns  (cpu_clk_clk_pll rise@0.000ns - cpu_clk_clk_pll rise@0.000ns)
  Data Path Delay:        0.197ns  (logic 0.141ns (71.611%)  route 0.056ns (28.389%))
  Logic Levels:           0  
  Clock Path Skew:        0.000ns (DCD - SCD - CPR)
    Destination Clock Delay (DCD):    -0.198ns
    Source Clock Delay      (SCD):    -0.440ns
    Clock Pessimism Removal (CPR):    0.242ns

    Location             Delay type                Incr(ns)  Path(ns)    Netlist Resource(s)
  -------------------------------------------------------------------    -------------------
                         (clock cpu_clk_clk_pll rise edge)
                                                      0.000     0.000 r  
    AC19                                              0.000     0.000 r  clk (IN)
                         net (fo=0)                   0.000     0.000    pll.clk_pll/inst/clk_in1
    AC19                 IBUF (Prop_ibuf_I_O)         0.253     0.253 r  pll.clk_pll/inst/clkin1_ibufg/O
                         net (fo=1, routed)           0.565     0.818    pll.clk_pll/inst/clk_in1_clk_pll
    PLLE2_ADV_X0Y2       PLLE2_ADV (Prop_plle2_adv_CLKIN1_CLKOUT0)
                                                     -2.523    -1.705 r  pll.clk_pll/inst/plle2_adv_inst/CLKOUT0
                         net (fo=1, routed)           0.560    -1.146    pll.clk_pll/inst/cpu_clk_clk_pll
    BUFGCTRL_X0Y0        BUFG (Prop_bufg_I_O)         0.026    -1.120 r  pll.clk_pll/inst/clkout1_buf/O
                         net (fo=1889, routed)        0.679    -0.440    u_confreg/cpu_clk
    SLICE_X33Y82         FDRE                                         r  u_confreg/timer_r1_reg[21]/C
  -------------------------------------------------------------------    -------------------
    SLICE_X33Y82         FDRE (Prop_fdre_C_Q)         0.141    -0.299 r  u_confreg/timer_r1_reg[21]/Q
                         net (fo=1, routed)           0.056    -0.243    u_confreg/timer_r1[21]
    SLICE_X33Y82         FDRE                                         r  u_confreg/timer_r2_reg[21]/D
  -------------------------------------------------------------------    -------------------

                         (clock cpu_clk_clk_pll rise edge)
                                                      0.000     0.000 r  
    AC19                                              0.000     0.000 r  clk (IN)
                         net (fo=0)                   0.000     0.000    pll.clk_pll/inst/clk_in1
    AC19                 IBUF (Prop_ibuf_I_O)         0.441     0.441 r  pll.clk_pll/inst/clkin1_ibufg/O
                         net (fo=1, routed)           0.620     1.061    pll.clk_pll/inst/clk_in1_clk_pll
    PLLE2_ADV_X0Y2       PLLE2_ADV (Prop_plle2_adv_CLKIN1_CLKOUT0)
                                                     -2.851    -1.790 r  pll.clk_pll/inst/plle2_adv_inst/CLKOUT0
                         net (fo=1, routed)           0.611    -1.180    pll.clk_pll/inst/cpu_clk_clk_pll
    BUFGCTRL_X0Y0        BUFG (Prop_bufg_I_O)         0.029    -1.151 r  pll.clk_pll/inst/clkout1_buf/O
                         net (fo=1889, routed)        0.953    -0.198    u_confreg/cpu_clk
    SLICE_X33Y82         FDRE                                         r  u_confreg/timer_r2_reg[21]/C
                         clock pessimism             -0.242    -0.440    
    SLICE_X33Y82         FDRE (Hold_fdre_C_D)         0.078    -0.362    u_confreg/timer_r2_reg[21]
  -------------------------------------------------------------------
                         required time                          0.362    
                         arrival time                          -0.243    
  -------------------------------------------------------------------
                         slack                                  0.119    

Slack (MET) :             0.119ns  (arrival time - required time)
  Source:                 u_confreg/timer_r1_reg[27]/C
                            (rising edge-triggered cell FDRE clocked by cpu_clk_clk_pll  {rise@0.000ns fall@10.000ns period=20.000ns})
  Destination:            u_confreg/timer_r2_reg[27]/D
                            (rising edge-triggered cell FDRE clocked by cpu_clk_clk_pll  {rise@0.000ns fall@10.000ns period=20.000ns})
  Path Group:             cpu_clk_clk_pll
  Path Type:              Hold (Min at Fast Process Corner)
  Requirement:            0.000ns  (cpu_clk_clk_pll rise@0.000ns - cpu_clk_clk_pll rise@0.000ns)
  Data Path Delay:        0.197ns  (logic 0.141ns (71.611%)  route 0.056ns (28.389%))
  Logic Levels:           0  
  Clock Path Skew:        0.000ns (DCD - SCD - CPR)
    Destination Clock Delay (DCD):    -0.196ns
    Source Clock Delay      (SCD):    -0.438ns
    Clock Pessimism Removal (CPR):    0.242ns

    Location             Delay type                Incr(ns)  Path(ns)    Netlist Resource(s)
  -------------------------------------------------------------------    -------------------
                         (clock cpu_clk_clk_pll rise edge)
                                                      0.000     0.000 r  
    AC19                                              0.000     0.000 r  clk (IN)
                         net (fo=0)                   0.000     0.000    pll.clk_pll/inst/clk_in1
    AC19                 IBUF (Prop_ibuf_I_O)         0.253     0.253 r  pll.clk_pll/inst/clkin1_ibufg/O
                         net (fo=1, routed)           0.565     0.818    pll.clk_pll/inst/clk_in1_clk_pll
    PLLE2_ADV_X0Y2       PLLE2_ADV (Prop_plle2_adv_CLKIN1_CLKOUT0)
                                                     -2.523    -1.705 r  pll.clk_pll/inst/plle2_adv_inst/CLKOUT0
                         net (fo=1, routed)           0.560    -1.146    pll.clk_pll/inst/cpu_clk_clk_pll
    BUFGCTRL_X0Y0        BUFG (Prop_bufg_I_O)         0.026    -1.120 r  pll.clk_pll/inst/clkout1_buf/O
                         net (fo=1889, routed)        0.681    -0.438    u_confreg/cpu_clk
    SLICE_X33Y84         FDRE                                         r  u_confreg/timer_r1_reg[27]/C
  -------------------------------------------------------------------    -------------------
    SLICE_X33Y84         FDRE (Prop_fdre_C_Q)         0.141    -0.297 r  u_confreg/timer_r1_reg[27]/Q
                         net (fo=1, routed)           0.056    -0.241    u_confreg/timer_r1[27]
    SLICE_X33Y84         FDRE                                         r  u_confreg/timer_r2_reg[27]/D
  -------------------------------------------------------------------    -------------------

                         (clock cpu_clk_clk_pll rise edge)
                                                      0.000     0.000 r  
    AC19                                              0.000     0.000 r  clk (IN)
                         net (fo=0)                   0.000     0.000    pll.clk_pll/inst/clk_in1
    AC19                 IBUF (Prop_ibuf_I_O)         0.441     0.441 r  pll.clk_pll/inst/clkin1_ibufg/O
                         net (fo=1, routed)           0.620     1.061    pll.clk_pll/inst/clk_in1_clk_pll
    PLLE2_ADV_X0Y2       PLLE2_ADV (Prop_plle2_adv_CLKIN1_CLKOUT0)
                                                     -2.851    -1.790 r  pll.clk_pll/inst/plle2_adv_inst/CLKOUT0
                         net (fo=1, routed)           0.611    -1.180    pll.clk_pll/inst/cpu_clk_clk_pll
    BUFGCTRL_X0Y0        BUFG (Prop_bufg_I_O)         0.029    -1.151 r  pll.clk_pll/inst/clkout1_buf/O
                         net (fo=1889, routed)        0.955    -0.196    u_confreg/cpu_clk
    SLICE_X33Y84         FDRE                                         r  u_confreg/timer_r2_reg[27]/C
                         clock pessimism             -0.242    -0.438    
    SLICE_X33Y84         FDRE (Hold_fdre_C_D)         0.078    -0.360    u_confreg/timer_r2_reg[27]
  -------------------------------------------------------------------
                         required time                          0.360    
                         arrival time                          -0.241    
  -------------------------------------------------------------------
                         slack                                  0.119    

Slack (MET) :             0.119ns  (arrival time - required time)
  Source:                 u_confreg/timer_r1_reg[30]/C
                            (rising edge-triggered cell FDRE clocked by cpu_clk_clk_pll  {rise@0.000ns fall@10.000ns period=20.000ns})
  Destination:            u_confreg/timer_r2_reg[30]/D
                            (rising edge-triggered cell FDRE clocked by cpu_clk_clk_pll  {rise@0.000ns fall@10.000ns period=20.000ns})
  Path Group:             cpu_clk_clk_pll
  Path Type:              Hold (Min at Fast Process Corner)
  Requirement:            0.000ns  (cpu_clk_clk_pll rise@0.000ns - cpu_clk_clk_pll rise@0.000ns)
  Data Path Delay:        0.197ns  (logic 0.141ns (71.611%)  route 0.056ns (28.389%))
  Logic Levels:           0  
  Clock Path Skew:        0.000ns (DCD - SCD - CPR)
    Destination Clock Delay (DCD):    -0.198ns
    Source Clock Delay      (SCD):    -0.440ns
    Clock Pessimism Removal (CPR):    0.242ns

    Location             Delay type                Incr(ns)  Path(ns)    Netlist Resource(s)
  -------------------------------------------------------------------    -------------------
                         (clock cpu_clk_clk_pll rise edge)
                                                      0.000     0.000 r  
    AC19                                              0.000     0.000 r  clk (IN)
                         net (fo=0)                   0.000     0.000    pll.clk_pll/inst/clk_in1
    AC19                 IBUF (Prop_ibuf_I_O)         0.253     0.253 r  pll.clk_pll/inst/clkin1_ibufg/O
                         net (fo=1, routed)           0.565     0.818    pll.clk_pll/inst/clk_in1_clk_pll
    PLLE2_ADV_X0Y2       PLLE2_ADV (Prop_plle2_adv_CLKIN1_CLKOUT0)
                                                     -2.523    -1.705 r  pll.clk_pll/inst/plle2_adv_inst/CLKOUT0
                         net (fo=1, routed)           0.560    -1.146    pll.clk_pll/inst/cpu_clk_clk_pll
    BUFGCTRL_X0Y0        BUFG (Prop_bufg_I_O)         0.026    -1.120 r  pll.clk_pll/inst/clkout1_buf/O
                         net (fo=1889, routed)        0.679    -0.440    u_confreg/cpu_clk
    SLICE_X37Y84         FDRE                                         r  u_confreg/timer_r1_reg[30]/C
  -------------------------------------------------------------------    -------------------
    SLICE_X37Y84         FDRE (Prop_fdre_C_Q)         0.141    -0.299 r  u_confreg/timer_r1_reg[30]/Q
                         net (fo=1, routed)           0.056    -0.243    u_confreg/timer_r1[30]
    SLICE_X37Y84         FDRE                                         r  u_confreg/timer_r2_reg[30]/D
  -------------------------------------------------------------------    -------------------

                         (clock cpu_clk_clk_pll rise edge)
                                                      0.000     0.000 r  
    AC19                                              0.000     0.000 r  clk (IN)
                         net (fo=0)                   0.000     0.000    pll.clk_pll/inst/clk_in1
    AC19                 IBUF (Prop_ibuf_I_O)         0.441     0.441 r  pll.clk_pll/inst/clkin1_ibufg/O
                         net (fo=1, routed)           0.620     1.061    pll.clk_pll/inst/clk_in1_clk_pll
    PLLE2_ADV_X0Y2       PLLE2_ADV (Prop_plle2_adv_CLKIN1_CLKOUT0)
                                                     -2.851    -1.790 r  pll.clk_pll/inst/plle2_adv_inst/CLKOUT0
                         net (fo=1, routed)           0.611    -1.180    pll.clk_pll/inst/cpu_clk_clk_pll
    BUFGCTRL_X0Y0        BUFG (Prop_bufg_I_O)         0.029    -1.151 r  pll.clk_pll/inst/clkout1_buf/O
                         net (fo=1889, routed)        0.953    -0.198    u_confreg/cpu_clk
    SLICE_X37Y84         FDRE                                         r  u_confreg/timer_r2_reg[30]/C
                         clock pessimism             -0.242    -0.440    
    SLICE_X37Y84         FDRE (Hold_fdre_C_D)         0.078    -0.362    u_confreg/timer_r2_reg[30]
  -------------------------------------------------------------------
                         required time                          0.362    
                         arrival time                          -0.243    
  -------------------------------------------------------------------
                         slack                                  0.119    

Slack (MET) :             0.121ns  (arrival time - required time)
  Source:                 u_confreg/timer_r1_reg[19]/C
                            (rising edge-triggered cell FDRE clocked by cpu_clk_clk_pll  {rise@0.000ns fall@10.000ns period=20.000ns})
  Destination:            u_confreg/timer_r2_reg[19]/D
                            (rising edge-triggered cell FDRE clocked by cpu_clk_clk_pll  {rise@0.000ns fall@10.000ns period=20.000ns})
  Path Group:             cpu_clk_clk_pll
  Path Type:              Hold (Min at Fast Process Corner)
  Requirement:            0.000ns  (cpu_clk_clk_pll rise@0.000ns - cpu_clk_clk_pll rise@0.000ns)
  Data Path Delay:        0.197ns  (logic 0.141ns (71.611%)  route 0.056ns (28.389%))
  Logic Levels:           0  
  Clock Path Skew:        0.000ns (DCD - SCD - CPR)
    Destination Clock Delay (DCD):    -0.198ns
    Source Clock Delay      (SCD):    -0.440ns
    Clock Pessimism Removal (CPR):    0.242ns

    Location             Delay type                Incr(ns)  Path(ns)    Netlist Resource(s)
  -------------------------------------------------------------------    -------------------
                         (clock cpu_clk_clk_pll rise edge)
                                                      0.000     0.000 r  
    AC19                                              0.000     0.000 r  clk (IN)
                         net (fo=0)                   0.000     0.000    pll.clk_pll/inst/clk_in1
    AC19                 IBUF (Prop_ibuf_I_O)         0.253     0.253 r  pll.clk_pll/inst/clkin1_ibufg/O
                         net (fo=1, routed)           0.565     0.818    pll.clk_pll/inst/clk_in1_clk_pll
    PLLE2_ADV_X0Y2       PLLE2_ADV (Prop_plle2_adv_CLKIN1_CLKOUT0)
                                                     -2.523    -1.705 r  pll.clk_pll/inst/plle2_adv_inst/CLKOUT0
                         net (fo=1, routed)           0.560    -1.146    pll.clk_pll/inst/cpu_clk_clk_pll
    BUFGCTRL_X0Y0        BUFG (Prop_bufg_I_O)         0.026    -1.120 r  pll.clk_pll/inst/clkout1_buf/O
                         net (fo=1889, routed)        0.679    -0.440    u_confreg/cpu_clk
    SLICE_X33Y82         FDRE                                         r  u_confreg/timer_r1_reg[19]/C
  -------------------------------------------------------------------    -------------------
    SLICE_X33Y82         FDRE (Prop_fdre_C_Q)         0.141    -0.299 r  u_confreg/timer_r1_reg[19]/Q
                         net (fo=1, routed)           0.056    -0.243    u_confreg/timer_r1[19]
    SLICE_X33Y82         FDRE                                         r  u_confreg/timer_r2_reg[19]/D
  -------------------------------------------------------------------    -------------------

                         (clock cpu_clk_clk_pll rise edge)
                                                      0.000     0.000 r  
    AC19                                              0.000     0.000 r  clk (IN)
                         net (fo=0)                   0.000     0.000    pll.clk_pll/inst/clk_in1
    AC19                 IBUF (Prop_ibuf_I_O)         0.441     0.441 r  pll.clk_pll/inst/clkin1_ibufg/O
                         net (fo=1, routed)           0.620     1.061    pll.clk_pll/inst/clk_in1_clk_pll
    PLLE2_ADV_X0Y2       PLLE2_ADV (Prop_plle2_adv_CLKIN1_CLKOUT0)
                                                     -2.851    -1.790 r  pll.clk_pll/inst/plle2_adv_inst/CLKOUT0
                         net (fo=1, routed)           0.611    -1.180    pll.clk_pll/inst/cpu_clk_clk_pll
    BUFGCTRL_X0Y0        BUFG (Prop_bufg_I_O)         0.029    -1.151 r  pll.clk_pll/inst/clkout1_buf/O
                         net (fo=1889, routed)        0.953    -0.198    u_confreg/cpu_clk
    SLICE_X33Y82         FDRE                                         r  u_confreg/timer_r2_reg[19]/C
                         clock pessimism             -0.242    -0.440    
    SLICE_X33Y82         FDRE (Hold_fdre_C_D)         0.076    -0.364    u_confreg/timer_r2_reg[19]
  -------------------------------------------------------------------
                         required time                          0.364    
                         arrival time                          -0.243    
  -------------------------------------------------------------------
                         slack                                  0.121    

Slack (MET) :             0.121ns  (arrival time - required time)
  Source:                 u_confreg/timer_r1_reg[23]/C
                            (rising edge-triggered cell FDRE clocked by cpu_clk_clk_pll  {rise@0.000ns fall@10.000ns period=20.000ns})
  Destination:            u_confreg/timer_r2_reg[23]/D
                            (rising edge-triggered cell FDRE clocked by cpu_clk_clk_pll  {rise@0.000ns fall@10.000ns period=20.000ns})
  Path Group:             cpu_clk_clk_pll
  Path Type:              Hold (Min at Fast Process Corner)
  Requirement:            0.000ns  (cpu_clk_clk_pll rise@0.000ns - cpu_clk_clk_pll rise@0.000ns)
  Data Path Delay:        0.197ns  (logic 0.141ns (71.611%)  route 0.056ns (28.389%))
  Logic Levels:           0  
  Clock Path Skew:        0.000ns (DCD - SCD - CPR)
    Destination Clock Delay (DCD):    -0.198ns
    Source Clock Delay      (SCD):    -0.440ns
    Clock Pessimism Removal (CPR):    0.242ns

    Location             Delay type                Incr(ns)  Path(ns)    Netlist Resource(s)
  -------------------------------------------------------------------    -------------------
                         (clock cpu_clk_clk_pll rise edge)
                                                      0.000     0.000 r  
    AC19                                              0.000     0.000 r  clk (IN)
                         net (fo=0)                   0.000     0.000    pll.clk_pll/inst/clk_in1
    AC19                 IBUF (Prop_ibuf_I_O)         0.253     0.253 r  pll.clk_pll/inst/clkin1_ibufg/O
                         net (fo=1, routed)           0.565     0.818    pll.clk_pll/inst/clk_in1_clk_pll
    PLLE2_ADV_X0Y2       PLLE2_ADV (Prop_plle2_adv_CLKIN1_CLKOUT0)
                                                     -2.523    -1.705 r  pll.clk_pll/inst/plle2_adv_inst/CLKOUT0
                         net (fo=1, routed)           0.560    -1.146    pll.clk_pll/inst/cpu_clk_clk_pll
    BUFGCTRL_X0Y0        BUFG (Prop_bufg_I_O)         0.026    -1.120 r  pll.clk_pll/inst/clkout1_buf/O
                         net (fo=1889, routed)        0.679    -0.440    u_confreg/cpu_clk
    SLICE_X37Y84         FDRE                                         r  u_confreg/timer_r1_reg[23]/C
  -------------------------------------------------------------------    -------------------
    SLICE_X37Y84         FDRE (Prop_fdre_C_Q)         0.141    -0.299 r  u_confreg/timer_r1_reg[23]/Q
                         net (fo=1, routed)           0.056    -0.243    u_confreg/timer_r1[23]
    SLICE_X37Y84         FDRE                                         r  u_confreg/timer_r2_reg[23]/D
  -------------------------------------------------------------------    -------------------

                         (clock cpu_clk_clk_pll rise edge)
                                                      0.000     0.000 r  
    AC19                                              0.000     0.000 r  clk (IN)
                         net (fo=0)                   0.000     0.000    pll.clk_pll/inst/clk_in1
    AC19                 IBUF (Prop_ibuf_I_O)         0.441     0.441 r  pll.clk_pll/inst/clkin1_ibufg/O
                         net (fo=1, routed)           0.620     1.061    pll.clk_pll/inst/clk_in1_clk_pll
    PLLE2_ADV_X0Y2       PLLE2_ADV (Prop_plle2_adv_CLKIN1_CLKOUT0)
                                                     -2.851    -1.790 r  pll.clk_pll/inst/plle2_adv_inst/CLKOUT0
                         net (fo=1, routed)           0.611    -1.180    pll.clk_pll/inst/cpu_clk_clk_pll
    BUFGCTRL_X0Y0        BUFG (Prop_bufg_I_O)         0.029    -1.151 r  pll.clk_pll/inst/clkout1_buf/O
                         net (fo=1889, routed)        0.953    -0.198    u_confreg/cpu_clk
    SLICE_X37Y84         FDRE                                         r  u_confreg/timer_r2_reg[23]/C
                         clock pessimism             -0.242    -0.440    
    SLICE_X37Y84         FDRE (Hold_fdre_C_D)         0.076    -0.364    u_confreg/timer_r2_reg[23]
  -------------------------------------------------------------------
                         required time                          0.364    
                         arrival time                          -0.243    
  -------------------------------------------------------------------
                         slack                                  0.121    

Slack (MET) :             0.121ns  (arrival time - required time)
  Source:                 u_confreg/timer_r1_reg[26]/C
                            (rising edge-triggered cell FDRE clocked by cpu_clk_clk_pll  {rise@0.000ns fall@10.000ns period=20.000ns})
  Destination:            u_confreg/timer_r2_reg[26]/D
                            (rising edge-triggered cell FDRE clocked by cpu_clk_clk_pll  {rise@0.000ns fall@10.000ns period=20.000ns})
  Path Group:             cpu_clk_clk_pll
  Path Type:              Hold (Min at Fast Process Corner)
  Requirement:            0.000ns  (cpu_clk_clk_pll rise@0.000ns - cpu_clk_clk_pll rise@0.000ns)
  Data Path Delay:        0.197ns  (logic 0.141ns (71.611%)  route 0.056ns (28.389%))
  Logic Levels:           0  
  Clock Path Skew:        0.000ns (DCD - SCD - CPR)
    Destination Clock Delay (DCD):    -0.196ns
    Source Clock Delay      (SCD):    -0.438ns
    Clock Pessimism Removal (CPR):    0.242ns

    Location             Delay type                Incr(ns)  Path(ns)    Netlist Resource(s)
  -------------------------------------------------------------------    -------------------
                         (clock cpu_clk_clk_pll rise edge)
                                                      0.000     0.000 r  
    AC19                                              0.000     0.000 r  clk (IN)
                         net (fo=0)                   0.000     0.000    pll.clk_pll/inst/clk_in1
    AC19                 IBUF (Prop_ibuf_I_O)         0.253     0.253 r  pll.clk_pll/inst/clkin1_ibufg/O
                         net (fo=1, routed)           0.565     0.818    pll.clk_pll/inst/clk_in1_clk_pll
    PLLE2_ADV_X0Y2       PLLE2_ADV (Prop_plle2_adv_CLKIN1_CLKOUT0)
                                                     -2.523    -1.705 r  pll.clk_pll/inst/plle2_adv_inst/CLKOUT0
                         net (fo=1, routed)           0.560    -1.146    pll.clk_pll/inst/cpu_clk_clk_pll
    BUFGCTRL_X0Y0        BUFG (Prop_bufg_I_O)         0.026    -1.120 r  pll.clk_pll/inst/clkout1_buf/O
                         net (fo=1889, routed)        0.681    -0.438    u_confreg/cpu_clk
    SLICE_X33Y84         FDRE                                         r  u_confreg/timer_r1_reg[26]/C
  -------------------------------------------------------------------    -------------------
    SLICE_X33Y84         FDRE (Prop_fdre_C_Q)         0.141    -0.297 r  u_confreg/timer_r1_reg[26]/Q
                         net (fo=1, routed)           0.056    -0.241    u_confreg/timer_r1[26]
    SLICE_X33Y84         FDRE                                         r  u_confreg/timer_r2_reg[26]/D
  -------------------------------------------------------------------    -------------------

                         (clock cpu_clk_clk_pll rise edge)
                                                      0.000     0.000 r  
    AC19                                              0.000     0.000 r  clk (IN)
                         net (fo=0)                   0.000     0.000    pll.clk_pll/inst/clk_in1
    AC19                 IBUF (Prop_ibuf_I_O)         0.441     0.441 r  pll.clk_pll/inst/clkin1_ibufg/O
                         net (fo=1, routed)           0.620     1.061    pll.clk_pll/inst/clk_in1_clk_pll
    PLLE2_ADV_X0Y2       PLLE2_ADV (Prop_plle2_adv_CLKIN1_CLKOUT0)
                                                     -2.851    -1.790 r  pll.clk_pll/inst/plle2_adv_inst/CLKOUT0
                         net (fo=1, routed)           0.611    -1.180    pll.clk_pll/inst/cpu_clk_clk_pll
    BUFGCTRL_X0Y0        BUFG (Prop_bufg_I_O)         0.029    -1.151 r  pll.clk_pll/inst/clkout1_buf/O
                         net (fo=1889, routed)        0.955    -0.196    u_confreg/cpu_clk
    SLICE_X33Y84         FDRE                                         r  u_confreg/timer_r2_reg[26]/C
                         clock pessimism             -0.242    -0.438    
    SLICE_X33Y84         FDRE (Hold_fdre_C_D)         0.076    -0.362    u_confreg/timer_r2_reg[26]
  -------------------------------------------------------------------
                         required time                          0.362    
                         arrival time                          -0.241    
  -------------------------------------------------------------------
                         slack                                  0.121    

Slack (MET) :             0.122ns  (arrival time - required time)
  Source:                 u_confreg/timer_r1_reg[17]/C
                            (rising edge-triggered cell FDRE clocked by cpu_clk_clk_pll  {rise@0.000ns fall@10.000ns period=20.000ns})
  Destination:            u_confreg/timer_r2_reg[17]/D
                            (rising edge-triggered cell FDRE clocked by cpu_clk_clk_pll  {rise@0.000ns fall@10.000ns period=20.000ns})
  Path Group:             cpu_clk_clk_pll
  Path Type:              Hold (Min at Fast Process Corner)
  Requirement:            0.000ns  (cpu_clk_clk_pll rise@0.000ns - cpu_clk_clk_pll rise@0.000ns)
  Data Path Delay:        0.197ns  (logic 0.141ns (71.611%)  route 0.056ns (28.389%))
  Logic Levels:           0  
  Clock Path Skew:        0.000ns (DCD - SCD - CPR)
    Destination Clock Delay (DCD):    -0.198ns
    Source Clock Delay      (SCD):    -0.440ns
    Clock Pessimism Removal (CPR):    0.242ns

    Location             Delay type                Incr(ns)  Path(ns)    Netlist Resource(s)
  -------------------------------------------------------------------    -------------------
                         (clock cpu_clk_clk_pll rise edge)
                                                      0.000     0.000 r  
    AC19                                              0.000     0.000 r  clk (IN)
                         net (fo=0)                   0.000     0.000    pll.clk_pll/inst/clk_in1
    AC19                 IBUF (Prop_ibuf_I_O)         0.253     0.253 r  pll.clk_pll/inst/clkin1_ibufg/O
                         net (fo=1, routed)           0.565     0.818    pll.clk_pll/inst/clk_in1_clk_pll
    PLLE2_ADV_X0Y2       PLLE2_ADV (Prop_plle2_adv_CLKIN1_CLKOUT0)
                                                     -2.523    -1.705 r  pll.clk_pll/inst/plle2_adv_inst/CLKOUT0
                         net (fo=1, routed)           0.560    -1.146    pll.clk_pll/inst/cpu_clk_clk_pll
    BUFGCTRL_X0Y0        BUFG (Prop_bufg_I_O)         0.026    -1.120 r  pll.clk_pll/inst/clkout1_buf/O
                         net (fo=1889, routed)        0.679    -0.440    u_confreg/cpu_clk
    SLICE_X33Y82         FDRE                                         r  u_confreg/timer_r1_reg[17]/C
  -------------------------------------------------------------------    -------------------
    SLICE_X33Y82         FDRE (Prop_fdre_C_Q)         0.141    -0.299 r  u_confreg/timer_r1_reg[17]/Q
                         net (fo=1, routed)           0.056    -0.243    u_confreg/timer_r1[17]
    SLICE_X33Y82         FDRE                                         r  u_confreg/timer_r2_reg[17]/D
  -------------------------------------------------------------------    -------------------

                         (clock cpu_clk_clk_pll rise edge)
                                                      0.000     0.000 r  
    AC19                                              0.000     0.000 r  clk (IN)
                         net (fo=0)                   0.000     0.000    pll.clk_pll/inst/clk_in1
    AC19                 IBUF (Prop_ibuf_I_O)         0.441     0.441 r  pll.clk_pll/inst/clkin1_ibufg/O
                         net (fo=1, routed)           0.620     1.061    pll.clk_pll/inst/clk_in1_clk_pll
    PLLE2_ADV_X0Y2       PLLE2_ADV (Prop_plle2_adv_CLKIN1_CLKOUT0)
                                                     -2.851    -1.790 r  pll.clk_pll/inst/plle2_adv_inst/CLKOUT0
                         net (fo=1, routed)           0.611    -1.180    pll.clk_pll/inst/cpu_clk_clk_pll
    BUFGCTRL_X0Y0        BUFG (Prop_bufg_I_O)         0.029    -1.151 r  pll.clk_pll/inst/clkout1_buf/O
                         net (fo=1889, routed)        0.953    -0.198    u_confreg/cpu_clk
    SLICE_X33Y82         FDRE                                         r  u_confreg/timer_r2_reg[17]/C
                         clock pessimism             -0.242    -0.440    
    SLICE_X33Y82         FDRE (Hold_fdre_C_D)         0.075    -0.365    u_confreg/timer_r2_reg[17]
  -------------------------------------------------------------------
                         required time                          0.365    
                         arrival time                          -0.243    
  -------------------------------------------------------------------
                         slack                                  0.122    

Slack (MET) :             0.122ns  (arrival time - required time)
  Source:                 u_confreg/timer_r1_reg[20]/C
                            (rising edge-triggered cell FDRE clocked by cpu_clk_clk_pll  {rise@0.000ns fall@10.000ns period=20.000ns})
  Destination:            u_confreg/timer_r2_reg[20]/D
                            (rising edge-triggered cell FDRE clocked by cpu_clk_clk_pll  {rise@0.000ns fall@10.000ns period=20.000ns})
  Path Group:             cpu_clk_clk_pll
  Path Type:              Hold (Min at Fast Process Corner)
  Requirement:            0.000ns  (cpu_clk_clk_pll rise@0.000ns - cpu_clk_clk_pll rise@0.000ns)
  Data Path Delay:        0.197ns  (logic 0.141ns (71.611%)  route 0.056ns (28.389%))
  Logic Levels:           0  
  Clock Path Skew:        0.000ns (DCD - SCD - CPR)
    Destination Clock Delay (DCD):    -0.198ns
    Source Clock Delay      (SCD):    -0.440ns
    Clock Pessimism Removal (CPR):    0.242ns

    Location             Delay type                Incr(ns)  Path(ns)    Netlist Resource(s)
  -------------------------------------------------------------------    -------------------
                         (clock cpu_clk_clk_pll rise edge)
                                                      0.000     0.000 r  
    AC19                                              0.000     0.000 r  clk (IN)
                         net (fo=0)                   0.000     0.000    pll.clk_pll/inst/clk_in1
    AC19                 IBUF (Prop_ibuf_I_O)         0.253     0.253 r  pll.clk_pll/inst/clkin1_ibufg/O
                         net (fo=1, routed)           0.565     0.818    pll.clk_pll/inst/clk_in1_clk_pll
    PLLE2_ADV_X0Y2       PLLE2_ADV (Prop_plle2_adv_CLKIN1_CLKOUT0)
                                                     -2.523    -1.705 r  pll.clk_pll/inst/plle2_adv_inst/CLKOUT0
                         net (fo=1, routed)           0.560    -1.146    pll.clk_pll/inst/cpu_clk_clk_pll
    BUFGCTRL_X0Y0        BUFG (Prop_bufg_I_O)         0.026    -1.120 r  pll.clk_pll/inst/clkout1_buf/O
                         net (fo=1889, routed)        0.679    -0.440    u_confreg/cpu_clk
    SLICE_X37Y84         FDRE                                         r  u_confreg/timer_r1_reg[20]/C
  -------------------------------------------------------------------    -------------------
    SLICE_X37Y84         FDRE (Prop_fdre_C_Q)         0.141    -0.299 r  u_confreg/timer_r1_reg[20]/Q
                         net (fo=1, routed)           0.056    -0.243    u_confreg/timer_r1[20]
    SLICE_X37Y84         FDRE                                         r  u_confreg/timer_r2_reg[20]/D
  -------------------------------------------------------------------    -------------------

                         (clock cpu_clk_clk_pll rise edge)
                                                      0.000     0.000 r  
    AC19                                              0.000     0.000 r  clk (IN)
                         net (fo=0)                   0.000     0.000    pll.clk_pll/inst/clk_in1
    AC19                 IBUF (Prop_ibuf_I_O)         0.441     0.441 r  pll.clk_pll/inst/clkin1_ibufg/O
                         net (fo=1, routed)           0.620     1.061    pll.clk_pll/inst/clk_in1_clk_pll
    PLLE2_ADV_X0Y2       PLLE2_ADV (Prop_plle2_adv_CLKIN1_CLKOUT0)
                                                     -2.851    -1.790 r  pll.clk_pll/inst/plle2_adv_inst/CLKOUT0
                         net (fo=1, routed)           0.611    -1.180    pll.clk_pll/inst/cpu_clk_clk_pll
    BUFGCTRL_X0Y0        BUFG (Prop_bufg_I_O)         0.029    -1.151 r  pll.clk_pll/inst/clkout1_buf/O
                         net (fo=1889, routed)        0.953    -0.198    u_confreg/cpu_clk
    SLICE_X37Y84         FDRE                                         r  u_confreg/timer_r2_reg[20]/C
                         clock pessimism             -0.242    -0.440    
    SLICE_X37Y84         FDRE (Hold_fdre_C_D)         0.075    -0.365    u_confreg/timer_r2_reg[20]
  -------------------------------------------------------------------
                         required time                          0.365    
                         arrival time                          -0.243    
  -------------------------------------------------------------------
                         slack                                  0.122    





Pulse Width Checks
--------------------------------------------------------------------------------------
Clock Name:         cpu_clk_clk_pll
Waveform(ns):       { 0.000 10.000 }
Period(ns):         20.000
Sources:            { pll.clk_pll/inst/plle2_adv_inst/CLKOUT0 }

Check Type        Corner  Lib Pin             Reference Pin  Required(ns)  Actual(ns)  Slack(ns)  Location        Pin
Min Period        n/a     RAMB36E1/CLKARDCLK  n/a            2.576         20.000      17.424     RAMB36_X1Y4     data_ram/U0/inst_blk_mem_gen/gnbram.gnativebmg.native_blk_mem_gen/valid.cstr/ramloop[25].ram.r/prim_noinit.ram/DEVICE_7SERIES.NO_BMM_INFO.SP.SIMPLE_PRIM36.ram/CLKARDCLK
Min Period        n/a     RAMB36E1/CLKBWRCLK  n/a            2.576         20.000      17.424     RAMB36_X1Y4     data_ram/U0/inst_blk_mem_gen/gnbram.gnativebmg.native_blk_mem_gen/valid.cstr/ramloop[25].ram.r/prim_noinit.ram/DEVICE_7SERIES.NO_BMM_INFO.SP.SIMPLE_PRIM36.ram/CLKBWRCLK
Min Period        n/a     RAMB36E1/CLKARDCLK  n/a            2.576         20.000      17.424     RAMB36_X3Y10    data_ram/U0/inst_blk_mem_gen/gnbram.gnativebmg.native_blk_mem_gen/valid.cstr/ramloop[44].ram.r/prim_noinit.ram/DEVICE_7SERIES.NO_BMM_INFO.SP.SIMPLE_PRIM36.ram/CLKARDCLK
Min Period        n/a     RAMB36E1/CLKBWRCLK  n/a            2.576         20.000      17.424     RAMB36_X3Y10    data_ram/U0/inst_blk_mem_gen/gnbram.gnativebmg.native_blk_mem_gen/valid.cstr/ramloop[44].ram.r/prim_noinit.ram/DEVICE_7SERIES.NO_BMM_INFO.SP.SIMPLE_PRIM36.ram/CLKBWRCLK
Min Period        n/a     RAMB36E1/CLKARDCLK  n/a            2.576         20.000      17.424     RAMB36_X2Y11    data_ram/U0/inst_blk_mem_gen/gnbram.gnativebmg.native_blk_mem_gen/valid.cstr/ramloop[63].ram.r/prim_noinit.ram/DEVICE_7SERIES.NO_BMM_INFO.SP.SIMPLE_PRIM36.ram/CLKARDCLK
Min Period        n/a     RAMB36E1/CLKBWRCLK  n/a            2.576         20.000      17.424     RAMB36_X2Y11    data_ram/U0/inst_blk_mem_gen/gnbram.gnativebmg.native_blk_mem_gen/valid.cstr/ramloop[63].ram.r/prim_noinit.ram/DEVICE_7SERIES.NO_BMM_INFO.SP.SIMPLE_PRIM36.ram/CLKBWRCLK
Min Period        n/a     RAMB36E1/CLKARDCLK  n/a            2.576         20.000      17.424     RAMB36_X2Y22    inst_ram/U0/inst_blk_mem_gen/gnbram.gnativebmg.native_blk_mem_gen/valid.cstr/ramloop[112].ram.r/prim_init.ram/DEVICE_7SERIES.NO_BMM_INFO.SP.SIMPLE_PRIM36.ram/CLKARDCLK
Min Period        n/a     RAMB36E1/CLKBWRCLK  n/a            2.576         20.000      17.424     RAMB36_X2Y22    inst_ram/U0/inst_blk_mem_gen/gnbram.gnativebmg.native_blk_mem_gen/valid.cstr/ramloop[112].ram.r/prim_init.ram/DEVICE_7SERIES.NO_BMM_INFO.SP.SIMPLE_PRIM36.ram/CLKBWRCLK
Min Period        n/a     RAMB36E1/CLKARDCLK  n/a            2.576         20.000      17.424     RAMB36_X0Y34    inst_ram/U0/inst_blk_mem_gen/gnbram.gnativebmg.native_blk_mem_gen/valid.cstr/ramloop[131].ram.r/prim_init.ram/DEVICE_7SERIES.NO_BMM_INFO.SP.SIMPLE_PRIM36.ram/CLKARDCLK
Min Period        n/a     RAMB36E1/CLKBWRCLK  n/a            2.576         20.000      17.424     RAMB36_X0Y34    inst_ram/U0/inst_blk_mem_gen/gnbram.gnativebmg.native_blk_mem_gen/valid.cstr/ramloop[131].ram.r/prim_init.ram/DEVICE_7SERIES.NO_BMM_INFO.SP.SIMPLE_PRIM36.ram/CLKBWRCLK
Max Period        n/a     PLLE2_ADV/CLKOUT0   n/a            160.000       20.000      140.000    PLLE2_ADV_X0Y2  pll.clk_pll/inst/plle2_adv_inst/CLKOUT0
Low Pulse Width   Slow    RAMD32/CLK          n/a            1.250         10.000      8.750      SLICE_X36Y88    cpu/u_regfile/rf_reg_r1_0_31_12_17/RAMA/CLK
Low Pulse Width   Slow    RAMD32/CLK          n/a            1.250         10.000      8.750      SLICE_X36Y88    cpu/u_regfile/rf_reg_r1_0_31_12_17/RAMA_D1/CLK
Low Pulse Width   Slow    RAMD32/CLK          n/a            1.250         10.000      8.750      SLICE_X36Y88    cpu/u_regfile/rf_reg_r1_0_31_12_17/RAMB/CLK
Low Pulse Width   Slow    RAMD32/CLK          n/a            1.250         10.000      8.750      SLICE_X36Y88    cpu/u_regfile/rf_reg_r1_0_31_12_17/RAMB_D1/CLK
Low Pulse Width   Slow    RAMD32/CLK          n/a            1.250         10.000      8.750      SLICE_X36Y88    cpu/u_regfile/rf_reg_r1_0_31_12_17/RAMC/CLK
Low Pulse Width   Slow    RAMD32/CLK          n/a            1.250         10.000      8.750      SLICE_X36Y88    cpu/u_regfile/rf_reg_r1_0_31_12_17/RAMC_D1/CLK
Low Pulse Width   Slow    RAMS32/CLK          n/a            1.250         10.000      8.750      SLICE_X36Y88    cpu/u_regfile/rf_reg_r1_0_31_12_17/RAMD/CLK
Low Pulse Width   Slow    RAMS32/CLK          n/a            1.250         10.000      8.750      SLICE_X36Y88    cpu/u_regfile/rf_reg_r1_0_31_12_17/RAMD_D1/CLK
Low Pulse Width   Slow    RAMD32/CLK          n/a            1.250         10.000      8.750      SLICE_X40Y89    cpu/u_regfile/rf_reg_r1_0_31_18_23/RAMA/CLK
Low Pulse Width   Slow    RAMD32/CLK          n/a            1.250         10.000      8.750      SLICE_X40Y89    cpu/u_regfile/rf_reg_r1_0_31_18_23/RAMA_D1/CLK
High Pulse Width  Fast    RAMD32/CLK          n/a            1.250         10.000      8.750      SLICE_X40Y88    cpu/u_regfile/rf_reg_r1_0_31_0_5/RAMA/CLK
High Pulse Width  Fast    RAMD32/CLK          n/a            1.250         10.000      8.750      SLICE_X40Y88    cpu/u_regfile/rf_reg_r1_0_31_0_5/RAMA_D1/CLK
High Pulse Width  Fast    RAMD32/CLK          n/a            1.250         10.000      8.750      SLICE_X40Y88    cpu/u_regfile/rf_reg_r1_0_31_0_5/RAMB/CLK
High Pulse Width  Fast    RAMD32/CLK          n/a            1.250         10.000      8.750      SLICE_X40Y88    cpu/u_regfile/rf_reg_r1_0_31_0_5/RAMB_D1/CLK
High Pulse Width  Fast    RAMD32/CLK          n/a            1.250         10.000      8.750      SLICE_X40Y88    cpu/u_regfile/rf_reg_r1_0_31_0_5/RAMC/CLK
High Pulse Width  Fast    RAMD32/CLK          n/a            1.250         10.000      8.750      SLICE_X40Y88    cpu/u_regfile/rf_reg_r1_0_31_0_5/RAMC_D1/CLK
High Pulse Width  Fast    RAMS32/CLK          n/a            1.250         10.000      8.750      SLICE_X40Y88    cpu/u_regfile/rf_reg_r1_0_31_0_5/RAMD/CLK
High Pulse Width  Fast    RAMS32/CLK          n/a            1.250         10.000      8.750      SLICE_X40Y88    cpu/u_regfile/rf_reg_r1_0_31_0_5/RAMD_D1/CLK
High Pulse Width  Fast    RAMD32/CLK          n/a            1.250         10.000      8.750      SLICE_X40Y89    cpu/u_regfile/rf_reg_r1_0_31_18_23/RAMA/CLK
High Pulse Width  Fast    RAMD32/CLK          n/a            1.250         10.000      8.750      SLICE_X40Y89    cpu/u_regfile/rf_reg_r1_0_31_18_23/RAMA_D1/CLK



---------------------------------------------------------------------------------------------------
From Clock:  timer_clk_clk_pll
  To Clock:  timer_clk_clk_pll

Setup :            0  Failing Endpoints,  Worst Slack        5.748ns,  Total Violation        0.000ns
Hold  :            0  Failing Endpoints,  Worst Slack        0.121ns,  Total Violation        0.000ns
PW    :            0  Failing Endpoints,  Worst Slack        4.500ns,  Total Violation        0.000ns
---------------------------------------------------------------------------------------------------


Max Delay Paths
--------------------------------------------------------------------------------------
Slack (MET) :             5.748ns  (required time - arrival time)
  Source:                 u_confreg/write_timer_begin_r3_reg/C
                            (rising edge-triggered cell FDRE clocked by timer_clk_clk_pll  {rise@0.000ns fall@5.000ns period=10.000ns})
  Destination:            u_confreg/timer_reg[29]/D
                            (rising edge-triggered cell FDRE clocked by timer_clk_clk_pll  {rise@0.000ns fall@5.000ns period=10.000ns})
  Path Group:             timer_clk_clk_pll
  Path Type:              Setup (Max at Slow Process Corner)
  Requirement:            10.000ns  (timer_clk_clk_pll rise@10.000ns - timer_clk_clk_pll rise@0.000ns)
  Data Path Delay:        4.214ns  (logic 2.268ns (53.814%)  route 1.946ns (46.186%))
  Logic Levels:           9  (CARRY4=8 LUT4=1)
  Clock Path Skew:        -0.022ns (DCD - SCD + CPR)
    Destination Clock Delay (DCD):    -1.667ns = ( 8.333 - 10.000 ) 
    Source Clock Delay      (SCD):    -2.038ns
    Clock Pessimism Removal (CPR):    -0.393ns
  Clock Uncertainty:      0.077ns  ((TSJ^2 + DJ^2)^1/2) / 2 + PE
    Total System Jitter     (TSJ):    0.071ns
    Discrete Jitter          (DJ):    0.138ns
    Phase Error              (PE):    0.000ns

    Location             Delay type                Incr(ns)  Path(ns)    Netlist Resource(s)
  -------------------------------------------------------------------    -------------------
                         (clock timer_clk_clk_pll rise edge)
                                                      0.000     0.000 r  
    AC19                                              0.000     0.000 r  clk (IN)
                         net (fo=0)                   0.000     0.000    pll.clk_pll/inst/clk_in1
    AC19                 IBUF (Prop_ibuf_I_O)         1.485     1.485 r  pll.clk_pll/inst/clkin1_ibufg/O
                         net (fo=1, routed)           1.619     3.104    pll.clk_pll/inst/clk_in1_clk_pll
    PLLE2_ADV_X0Y2       PLLE2_ADV (Prop_plle2_adv_CLKIN1_CLKOUT1)
                                                     -9.006    -5.902 r  pll.clk_pll/inst/plle2_adv_inst/CLKOUT1
                         net (fo=1, routed)           1.837    -4.064    pll.clk_pll/inst/timer_clk_clk_pll
    BUFGCTRL_X0Y1        BUFG (Prop_bufg_I_O)         0.096    -3.968 r  pll.clk_pll/inst/clkout2_buf/O
                         net (fo=99, routed)          1.930    -2.038    u_confreg/timer_clk
    SLICE_X35Y85         FDRE                                         r  u_confreg/write_timer_begin_r3_reg/C
  -------------------------------------------------------------------    -------------------
    SLICE_X35Y85         FDRE (Prop_fdre_C_Q)         0.419    -1.619 r  u_confreg/write_timer_begin_r3_reg/Q
                         net (fo=33, routed)          1.946     0.328    u_confreg/write_timer_begin_r3
    SLICE_X34Y78         LUT4 (Prop_lut4_I3_O)        0.299     0.627 r  u_confreg/timer[0]_i_6/O
                         net (fo=1, routed)           0.000     0.627    u_confreg/timer[0]_i_6_n_0
    SLICE_X34Y78         CARRY4 (Prop_carry4_S[0]_CO[3])
                                                      0.532     1.159 r  u_confreg/timer_reg[0]_i_1/CO[3]
                         net (fo=1, routed)           0.000     1.159    u_confreg/timer_reg[0]_i_1_n_0
    SLICE_X34Y79         CARRY4 (Prop_carry4_CI_CO[3])
                                                      0.114     1.273 r  u_confreg/timer_reg[4]_i_1/CO[3]
                         net (fo=1, routed)           0.000     1.273    u_confreg/timer_reg[4]_i_1_n_0
    SLICE_X34Y80         CARRY4 (Prop_carry4_CI_CO[3])
                                                      0.114     1.387 r  u_confreg/timer_reg[8]_i_1/CO[3]
                         net (fo=1, routed)           0.000     1.387    u_confreg/timer_reg[8]_i_1_n_0
    SLICE_X34Y81         CARRY4 (Prop_carry4_CI_CO[3])
                                                      0.114     1.501 r  u_confreg/timer_reg[12]_i_1/CO[3]
                         net (fo=1, routed)           0.000     1.501    u_confreg/timer_reg[12]_i_1_n_0
    SLICE_X34Y82         CARRY4 (Prop_carry4_CI_CO[3])
                                                      0.114     1.615 r  u_confreg/timer_reg[16]_i_1/CO[3]
                         net (fo=1, routed)           0.000     1.615    u_confreg/timer_reg[16]_i_1_n_0
    SLICE_X34Y83         CARRY4 (Prop_carry4_CI_CO[3])
                                                      0.114     1.729 r  u_confreg/timer_reg[20]_i_1/CO[3]
                         net (fo=1, routed)           0.000     1.729    u_confreg/timer_reg[20]_i_1_n_0
    SLICE_X34Y84         CARRY4 (Prop_carry4_CI_CO[3])
                                                      0.114     1.843 r  u_confreg/timer_reg[24]_i_1/CO[3]
                         net (fo=1, routed)           0.000     1.843    u_confreg/timer_reg[24]_i_1_n_0
    SLICE_X34Y85         CARRY4 (Prop_carry4_CI_O[1])
                                                      0.334     2.177 r  u_confreg/timer_reg[28]_i_1/O[1]
                         net (fo=1, routed)           0.000     2.177    u_confreg/timer_reg[28]_i_1_n_6
    SLICE_X34Y85         FDRE                                         r  u_confreg/timer_reg[29]/D
  -------------------------------------------------------------------    -------------------

                         (clock timer_clk_clk_pll rise edge)
                                                     10.000    10.000 r  
    AC19                                              0.000    10.000 r  clk (IN)
                         net (fo=0)                   0.000    10.000    pll.clk_pll/inst/clk_in1
    AC19                 IBUF (Prop_ibuf_I_O)         1.414    11.414 r  pll.clk_pll/inst/clkin1_ibufg/O
                         net (fo=1, routed)           1.531    12.945    pll.clk_pll/inst/clk_in1_clk_pll
    PLLE2_ADV_X0Y2       PLLE2_ADV (Prop_plle2_adv_CLKIN1_CLKOUT1)
                                                     -8.262     4.684 r  pll.clk_pll/inst/plle2_adv_inst/CLKOUT1
                         net (fo=1, routed)           1.755     6.439    pll.clk_pll/inst/timer_clk_clk_pll
    BUFGCTRL_X0Y1        BUFG (Prop_bufg_I_O)         0.091     6.530 r  pll.clk_pll/inst/clkout2_buf/O
                         net (fo=99, routed)          1.803     8.333    u_confreg/timer_clk
    SLICE_X34Y85         FDRE                                         r  u_confreg/timer_reg[29]/C
                         clock pessimism             -0.393     7.940    
                         clock uncertainty           -0.077     7.863    
    SLICE_X34Y85         FDRE (Setup_fdre_C_D)        0.062     7.925    u_confreg/timer_reg[29]
  -------------------------------------------------------------------
                         required time                          7.925    
                         arrival time                          -2.177    
  -------------------------------------------------------------------
                         slack                                  5.748    

Slack (MET) :             5.769ns  (required time - arrival time)
  Source:                 u_confreg/write_timer_begin_r3_reg/C
                            (rising edge-triggered cell FDRE clocked by timer_clk_clk_pll  {rise@0.000ns fall@5.000ns period=10.000ns})
  Destination:            u_confreg/timer_reg[31]/D
                            (rising edge-triggered cell FDRE clocked by timer_clk_clk_pll  {rise@0.000ns fall@5.000ns period=10.000ns})
  Path Group:             timer_clk_clk_pll
  Path Type:              Setup (Max at Slow Process Corner)
  Requirement:            10.000ns  (timer_clk_clk_pll rise@10.000ns - timer_clk_clk_pll rise@0.000ns)
  Data Path Delay:        4.193ns  (logic 2.247ns (53.583%)  route 1.946ns (46.417%))
  Logic Levels:           9  (CARRY4=8 LUT4=1)
  Clock Path Skew:        -0.022ns (DCD - SCD + CPR)
    Destination Clock Delay (DCD):    -1.667ns = ( 8.333 - 10.000 ) 
    Source Clock Delay      (SCD):    -2.038ns
    Clock Pessimism Removal (CPR):    -0.393ns
  Clock Uncertainty:      0.077ns  ((TSJ^2 + DJ^2)^1/2) / 2 + PE
    Total System Jitter     (TSJ):    0.071ns
    Discrete Jitter          (DJ):    0.138ns
    Phase Error              (PE):    0.000ns

    Location             Delay type                Incr(ns)  Path(ns)    Netlist Resource(s)
  -------------------------------------------------------------------    -------------------
                         (clock timer_clk_clk_pll rise edge)
                                                      0.000     0.000 r  
    AC19                                              0.000     0.000 r  clk (IN)
                         net (fo=0)                   0.000     0.000    pll.clk_pll/inst/clk_in1
    AC19                 IBUF (Prop_ibuf_I_O)         1.485     1.485 r  pll.clk_pll/inst/clkin1_ibufg/O
                         net (fo=1, routed)           1.619     3.104    pll.clk_pll/inst/clk_in1_clk_pll
    PLLE2_ADV_X0Y2       PLLE2_ADV (Prop_plle2_adv_CLKIN1_CLKOUT1)
                                                     -9.006    -5.902 r  pll.clk_pll/inst/plle2_adv_inst/CLKOUT1
                         net (fo=1, routed)           1.837    -4.064    pll.clk_pll/inst/timer_clk_clk_pll
    BUFGCTRL_X0Y1        BUFG (Prop_bufg_I_O)         0.096    -3.968 r  pll.clk_pll/inst/clkout2_buf/O
                         net (fo=99, routed)          1.930    -2.038    u_confreg/timer_clk
    SLICE_X35Y85         FDRE                                         r  u_confreg/write_timer_begin_r3_reg/C
  -------------------------------------------------------------------    -------------------
    SLICE_X35Y85         FDRE (Prop_fdre_C_Q)         0.419    -1.619 r  u_confreg/write_timer_begin_r3_reg/Q
                         net (fo=33, routed)          1.946     0.328    u_confreg/write_timer_begin_r3
    SLICE_X34Y78         LUT4 (Prop_lut4_I3_O)        0.299     0.627 r  u_confreg/timer[0]_i_6/O
                         net (fo=1, routed)           0.000     0.627    u_confreg/timer[0]_i_6_n_0
    SLICE_X34Y78         CARRY4 (Prop_carry4_S[0]_CO[3])
                                                      0.532     1.159 r  u_confreg/timer_reg[0]_i_1/CO[3]
                         net (fo=1, routed)           0.000     1.159    u_confreg/timer_reg[0]_i_1_n_0
    SLICE_X34Y79         CARRY4 (Prop_carry4_CI_CO[3])
                                                      0.114     1.273 r  u_confreg/timer_reg[4]_i_1/CO[3]
                         net (fo=1, routed)           0.000     1.273    u_confreg/timer_reg[4]_i_1_n_0
    SLICE_X34Y80         CARRY4 (Prop_carry4_CI_CO[3])
                                                      0.114     1.387 r  u_confreg/timer_reg[8]_i_1/CO[3]
                         net (fo=1, routed)           0.000     1.387    u_confreg/timer_reg[8]_i_1_n_0
    SLICE_X34Y81         CARRY4 (Prop_carry4_CI_CO[3])
                                                      0.114     1.501 r  u_confreg/timer_reg[12]_i_1/CO[3]
                         net (fo=1, routed)           0.000     1.501    u_confreg/timer_reg[12]_i_1_n_0
    SLICE_X34Y82         CARRY4 (Prop_carry4_CI_CO[3])
                                                      0.114     1.615 r  u_confreg/timer_reg[16]_i_1/CO[3]
                         net (fo=1, routed)           0.000     1.615    u_confreg/timer_reg[16]_i_1_n_0
    SLICE_X34Y83         CARRY4 (Prop_carry4_CI_CO[3])
                                                      0.114     1.729 r  u_confreg/timer_reg[20]_i_1/CO[3]
                         net (fo=1, routed)           0.000     1.729    u_confreg/timer_reg[20]_i_1_n_0
    SLICE_X34Y84         CARRY4 (Prop_carry4_CI_CO[3])
                                                      0.114     1.843 r  u_confreg/timer_reg[24]_i_1/CO[3]
                         net (fo=1, routed)           0.000     1.843    u_confreg/timer_reg[24]_i_1_n_0
    SLICE_X34Y85         CARRY4 (Prop_carry4_CI_O[3])
                                                      0.313     2.156 r  u_confreg/timer_reg[28]_i_1/O[3]
                         net (fo=1, routed)           0.000     2.156    u_confreg/timer_reg[28]_i_1_n_4
    SLICE_X34Y85         FDRE                                         r  u_confreg/timer_reg[31]/D
  -------------------------------------------------------------------    -------------------

                         (clock timer_clk_clk_pll rise edge)
                                                     10.000    10.000 r  
    AC19                                              0.000    10.000 r  clk (IN)
                         net (fo=0)                   0.000    10.000    pll.clk_pll/inst/clk_in1
    AC19                 IBUF (Prop_ibuf_I_O)         1.414    11.414 r  pll.clk_pll/inst/clkin1_ibufg/O
                         net (fo=1, routed)           1.531    12.945    pll.clk_pll/inst/clk_in1_clk_pll
    PLLE2_ADV_X0Y2       PLLE2_ADV (Prop_plle2_adv_CLKIN1_CLKOUT1)
                                                     -8.262     4.684 r  pll.clk_pll/inst/plle2_adv_inst/CLKOUT1
                         net (fo=1, routed)           1.755     6.439    pll.clk_pll/inst/timer_clk_clk_pll
    BUFGCTRL_X0Y1        BUFG (Prop_bufg_I_O)         0.091     6.530 r  pll.clk_pll/inst/clkout2_buf/O
                         net (fo=99, routed)          1.803     8.333    u_confreg/timer_clk
    SLICE_X34Y85         FDRE                                         r  u_confreg/timer_reg[31]/C
                         clock pessimism             -0.393     7.940    
                         clock uncertainty           -0.077     7.863    
    SLICE_X34Y85         FDRE (Setup_fdre_C_D)        0.062     7.925    u_confreg/timer_reg[31]
  -------------------------------------------------------------------
                         required time                          7.925    
                         arrival time                          -2.156    
  -------------------------------------------------------------------
                         slack                                  5.769    

Slack (MET) :             5.843ns  (required time - arrival time)
  Source:                 u_confreg/write_timer_begin_r3_reg/C
                            (rising edge-triggered cell FDRE clocked by timer_clk_clk_pll  {rise@0.000ns fall@5.000ns period=10.000ns})
  Destination:            u_confreg/timer_reg[30]/D
                            (rising edge-triggered cell FDRE clocked by timer_clk_clk_pll  {rise@0.000ns fall@5.000ns period=10.000ns})
  Path Group:             timer_clk_clk_pll
  Path Type:              Setup (Max at Slow Process Corner)
  Requirement:            10.000ns  (timer_clk_clk_pll rise@10.000ns - timer_clk_clk_pll rise@0.000ns)
  Data Path Delay:        4.119ns  (logic 2.173ns (52.749%)  route 1.946ns (47.251%))
  Logic Levels:           9  (CARRY4=8 LUT4=1)
  Clock Path Skew:        -0.022ns (DCD - SCD + CPR)
    Destination Clock Delay (DCD):    -1.667ns = ( 8.333 - 10.000 ) 
    Source Clock Delay      (SCD):    -2.038ns
    Clock Pessimism Removal (CPR):    -0.393ns
  Clock Uncertainty:      0.077ns  ((TSJ^2 + DJ^2)^1/2) / 2 + PE
    Total System Jitter     (TSJ):    0.071ns
    Discrete Jitter          (DJ):    0.138ns
    Phase Error              (PE):    0.000ns

    Location             Delay type                Incr(ns)  Path(ns)    Netlist Resource(s)
  -------------------------------------------------------------------    -------------------
                         (clock timer_clk_clk_pll rise edge)
                                                      0.000     0.000 r  
    AC19                                              0.000     0.000 r  clk (IN)
                         net (fo=0)                   0.000     0.000    pll.clk_pll/inst/clk_in1
    AC19                 IBUF (Prop_ibuf_I_O)         1.485     1.485 r  pll.clk_pll/inst/clkin1_ibufg/O
                         net (fo=1, routed)           1.619     3.104    pll.clk_pll/inst/clk_in1_clk_pll
    PLLE2_ADV_X0Y2       PLLE2_ADV (Prop_plle2_adv_CLKIN1_CLKOUT1)
                                                     -9.006    -5.902 r  pll.clk_pll/inst/plle2_adv_inst/CLKOUT1
                         net (fo=1, routed)           1.837    -4.064    pll.clk_pll/inst/timer_clk_clk_pll
    BUFGCTRL_X0Y1        BUFG (Prop_bufg_I_O)         0.096    -3.968 r  pll.clk_pll/inst/clkout2_buf/O
                         net (fo=99, routed)          1.930    -2.038    u_confreg/timer_clk
    SLICE_X35Y85         FDRE                                         r  u_confreg/write_timer_begin_r3_reg/C
  -------------------------------------------------------------------    -------------------
    SLICE_X35Y85         FDRE (Prop_fdre_C_Q)         0.419    -1.619 r  u_confreg/write_timer_begin_r3_reg/Q
                         net (fo=33, routed)          1.946     0.328    u_confreg/write_timer_begin_r3
    SLICE_X34Y78         LUT4 (Prop_lut4_I3_O)        0.299     0.627 r  u_confreg/timer[0]_i_6/O
                         net (fo=1, routed)           0.000     0.627    u_confreg/timer[0]_i_6_n_0
    SLICE_X34Y78         CARRY4 (Prop_carry4_S[0]_CO[3])
                                                      0.532     1.159 r  u_confreg/timer_reg[0]_i_1/CO[3]
                         net (fo=1, routed)           0.000     1.159    u_confreg/timer_reg[0]_i_1_n_0
    SLICE_X34Y79         CARRY4 (Prop_carry4_CI_CO[3])
                                                      0.114     1.273 r  u_confreg/timer_reg[4]_i_1/CO[3]
                         net (fo=1, routed)           0.000     1.273    u_confreg/timer_reg[4]_i_1_n_0
    SLICE_X34Y80         CARRY4 (Prop_carry4_CI_CO[3])
                                                      0.114     1.387 r  u_confreg/timer_reg[8]_i_1/CO[3]
                         net (fo=1, routed)           0.000     1.387    u_confreg/timer_reg[8]_i_1_n_0
    SLICE_X34Y81         CARRY4 (Prop_carry4_CI_CO[3])
                                                      0.114     1.501 r  u_confreg/timer_reg[12]_i_1/CO[3]
                         net (fo=1, routed)           0.000     1.501    u_confreg/timer_reg[12]_i_1_n_0
    SLICE_X34Y82         CARRY4 (Prop_carry4_CI_CO[3])
                                                      0.114     1.615 r  u_confreg/timer_reg[16]_i_1/CO[3]
                         net (fo=1, routed)           0.000     1.615    u_confreg/timer_reg[16]_i_1_n_0
    SLICE_X34Y83         CARRY4 (Prop_carry4_CI_CO[3])
                                                      0.114     1.729 r  u_confreg/timer_reg[20]_i_1/CO[3]
                         net (fo=1, routed)           0.000     1.729    u_confreg/timer_reg[20]_i_1_n_0
    SLICE_X34Y84         CARRY4 (Prop_carry4_CI_CO[3])
                                                      0.114     1.843 r  u_confreg/timer_reg[24]_i_1/CO[3]
                         net (fo=1, routed)           0.000     1.843    u_confreg/timer_reg[24]_i_1_n_0
    SLICE_X34Y85         CARRY4 (Prop_carry4_CI_O[2])
                                                      0.239     2.082 r  u_confreg/timer_reg[28]_i_1/O[2]
                         net (fo=1, routed)           0.000     2.082    u_confreg/timer_reg[28]_i_1_n_5
    SLICE_X34Y85         FDRE                                         r  u_confreg/timer_reg[30]/D
  -------------------------------------------------------------------    -------------------

                         (clock timer_clk_clk_pll rise edge)
                                                     10.000    10.000 r  
    AC19                                              0.000    10.000 r  clk (IN)
                         net (fo=0)                   0.000    10.000    pll.clk_pll/inst/clk_in1
    AC19                 IBUF (Prop_ibuf_I_O)         1.414    11.414 r  pll.clk_pll/inst/clkin1_ibufg/O
                         net (fo=1, routed)           1.531    12.945    pll.clk_pll/inst/clk_in1_clk_pll
    PLLE2_ADV_X0Y2       PLLE2_ADV (Prop_plle2_adv_CLKIN1_CLKOUT1)
                                                     -8.262     4.684 r  pll.clk_pll/inst/plle2_adv_inst/CLKOUT1
                         net (fo=1, routed)           1.755     6.439    pll.clk_pll/inst/timer_clk_clk_pll
    BUFGCTRL_X0Y1        BUFG (Prop_bufg_I_O)         0.091     6.530 r  pll.clk_pll/inst/clkout2_buf/O
                         net (fo=99, routed)          1.803     8.333    u_confreg/timer_clk
    SLICE_X34Y85         FDRE                                         r  u_confreg/timer_reg[30]/C
                         clock pessimism             -0.393     7.940    
                         clock uncertainty           -0.077     7.863    
    SLICE_X34Y85         FDRE (Setup_fdre_C_D)        0.062     7.925    u_confreg/timer_reg[30]
  -------------------------------------------------------------------
                         required time                          7.925    
                         arrival time                          -2.082    
  -------------------------------------------------------------------
                         slack                                  5.843    

Slack (MET) :             5.858ns  (required time - arrival time)
  Source:                 u_confreg/write_timer_begin_r3_reg/C
                            (rising edge-triggered cell FDRE clocked by timer_clk_clk_pll  {rise@0.000ns fall@5.000ns period=10.000ns})
  Destination:            u_confreg/timer_reg[25]/D
                            (rising edge-triggered cell FDRE clocked by timer_clk_clk_pll  {rise@0.000ns fall@5.000ns period=10.000ns})
  Path Group:             timer_clk_clk_pll
  Path Type:              Setup (Max at Slow Process Corner)
  Requirement:            10.000ns  (timer_clk_clk_pll rise@10.000ns - timer_clk_clk_pll rise@0.000ns)
  Data Path Delay:        4.100ns  (logic 2.154ns (52.530%)  route 1.946ns (47.470%))
  Logic Levels:           8  (CARRY4=7 LUT4=1)
  Clock Path Skew:        -0.026ns (DCD - SCD + CPR)
    Destination Clock Delay (DCD):    -1.668ns = ( 8.332 - 10.000 ) 
    Source Clock Delay      (SCD):    -2.038ns
    Clock Pessimism Removal (CPR):    -0.396ns
  Clock Uncertainty:      0.077ns  ((TSJ^2 + DJ^2)^1/2) / 2 + PE
    Total System Jitter     (TSJ):    0.071ns
    Discrete Jitter          (DJ):    0.138ns
    Phase Error              (PE):    0.000ns

    Location             Delay type                Incr(ns)  Path(ns)    Netlist Resource(s)
  -------------------------------------------------------------------    -------------------
                         (clock timer_clk_clk_pll rise edge)
                                                      0.000     0.000 r  
    AC19                                              0.000     0.000 r  clk (IN)
                         net (fo=0)                   0.000     0.000    pll.clk_pll/inst/clk_in1
    AC19                 IBUF (Prop_ibuf_I_O)         1.485     1.485 r  pll.clk_pll/inst/clkin1_ibufg/O
                         net (fo=1, routed)           1.619     3.104    pll.clk_pll/inst/clk_in1_clk_pll
    PLLE2_ADV_X0Y2       PLLE2_ADV (Prop_plle2_adv_CLKIN1_CLKOUT1)
                                                     -9.006    -5.902 r  pll.clk_pll/inst/plle2_adv_inst/CLKOUT1
                         net (fo=1, routed)           1.837    -4.064    pll.clk_pll/inst/timer_clk_clk_pll
    BUFGCTRL_X0Y1        BUFG (Prop_bufg_I_O)         0.096    -3.968 r  pll.clk_pll/inst/clkout2_buf/O
                         net (fo=99, routed)          1.930    -2.038    u_confreg/timer_clk
    SLICE_X35Y85         FDRE                                         r  u_confreg/write_timer_begin_r3_reg/C
  -------------------------------------------------------------------    -------------------
    SLICE_X35Y85         FDRE (Prop_fdre_C_Q)         0.419    -1.619 r  u_confreg/write_timer_begin_r3_reg/Q
                         net (fo=33, routed)          1.946     0.328    u_confreg/write_timer_begin_r3
    SLICE_X34Y78         LUT4 (Prop_lut4_I3_O)        0.299     0.627 r  u_confreg/timer[0]_i_6/O
                         net (fo=1, routed)           0.000     0.627    u_confreg/timer[0]_i_6_n_0
    SLICE_X34Y78         CARRY4 (Prop_carry4_S[0]_CO[3])
                                                      0.532     1.159 r  u_confreg/timer_reg[0]_i_1/CO[3]
                         net (fo=1, routed)           0.000     1.159    u_confreg/timer_reg[0]_i_1_n_0
    SLICE_X34Y79         CARRY4 (Prop_carry4_CI_CO[3])
                                                      0.114     1.273 r  u_confreg/timer_reg[4]_i_1/CO[3]
                         net (fo=1, routed)           0.000     1.273    u_confreg/timer_reg[4]_i_1_n_0
    SLICE_X34Y80         CARRY4 (Prop_carry4_CI_CO[3])
                                                      0.114     1.387 r  u_confreg/timer_reg[8]_i_1/CO[3]
                         net (fo=1, routed)           0.000     1.387    u_confreg/timer_reg[8]_i_1_n_0
    SLICE_X34Y81         CARRY4 (Prop_carry4_CI_CO[3])
                                                      0.114     1.501 r  u_confreg/timer_reg[12]_i_1/CO[3]
                         net (fo=1, routed)           0.000     1.501    u_confreg/timer_reg[12]_i_1_n_0
    SLICE_X34Y82         CARRY4 (Prop_carry4_CI_CO[3])
                                                      0.114     1.615 r  u_confreg/timer_reg[16]_i_1/CO[3]
                         net (fo=1, routed)           0.000     1.615    u_confreg/timer_reg[16]_i_1_n_0
    SLICE_X34Y83         CARRY4 (Prop_carry4_CI_CO[3])
                                                      0.114     1.729 r  u_confreg/timer_reg[20]_i_1/CO[3]
                         net (fo=1, routed)           0.000     1.729    u_confreg/timer_reg[20]_i_1_n_0
    SLICE_X34Y84         CARRY4 (Prop_carry4_CI_O[1])
                                                      0.334     2.063 r  u_confreg/timer_reg[24]_i_1/O[1]
                         net (fo=1, routed)           0.000     2.063    u_confreg/timer_reg[24]_i_1_n_6
    SLICE_X34Y84         FDRE                                         r  u_confreg/timer_reg[25]/D
  -------------------------------------------------------------------    -------------------

                         (clock timer_clk_clk_pll rise edge)
                                                     10.000    10.000 r  
    AC19                                              0.000    10.000 r  clk (IN)
                         net (fo=0)                   0.000    10.000    pll.clk_pll/inst/clk_in1
    AC19                 IBUF (Prop_ibuf_I_O)         1.414    11.414 r  pll.clk_pll/inst/clkin1_ibufg/O
                         net (fo=1, routed)           1.531    12.945    pll.clk_pll/inst/clk_in1_clk_pll
    PLLE2_ADV_X0Y2       PLLE2_ADV (Prop_plle2_adv_CLKIN1_CLKOUT1)
                                                     -8.262     4.684 r  pll.clk_pll/inst/plle2_adv_inst/CLKOUT1
                         net (fo=1, routed)           1.755     6.439    pll.clk_pll/inst/timer_clk_clk_pll
    BUFGCTRL_X0Y1        BUFG (Prop_bufg_I_O)         0.091     6.530 r  pll.clk_pll/inst/clkout2_buf/O
                         net (fo=99, routed)          1.802     8.332    u_confreg/timer_clk
    SLICE_X34Y84         FDRE                                         r  u_confreg/timer_reg[25]/C
                         clock pessimism             -0.396     7.936    
                         clock uncertainty           -0.077     7.859    
    SLICE_X34Y84         FDRE (Setup_fdre_C_D)        0.062     7.921    u_confreg/timer_reg[25]
  -------------------------------------------------------------------
                         required time                          7.921    
                         arrival time                          -2.063    
  -------------------------------------------------------------------
                         slack                                  5.858    

Slack (MET) :             5.859ns  (required time - arrival time)
  Source:                 u_confreg/write_timer_begin_r3_reg/C
                            (rising edge-triggered cell FDRE clocked by timer_clk_clk_pll  {rise@0.000ns fall@5.000ns period=10.000ns})
  Destination:            u_confreg/timer_reg[28]/D
                            (rising edge-triggered cell FDRE clocked by timer_clk_clk_pll  {rise@0.000ns fall@5.000ns period=10.000ns})
  Path Group:             timer_clk_clk_pll
  Path Type:              Setup (Max at Slow Process Corner)
  Requirement:            10.000ns  (timer_clk_clk_pll rise@10.000ns - timer_clk_clk_pll rise@0.000ns)
  Data Path Delay:        4.103ns  (logic 2.157ns (52.565%)  route 1.946ns (47.435%))
  Logic Levels:           9  (CARRY4=8 LUT4=1)
  Clock Path Skew:        -0.022ns (DCD - SCD + CPR)
    Destination Clock Delay (DCD):    -1.667ns = ( 8.333 - 10.000 ) 
    Source Clock Delay      (SCD):    -2.038ns
    Clock Pessimism Removal (CPR):    -0.393ns
  Clock Uncertainty:      0.077ns  ((TSJ^2 + DJ^2)^1/2) / 2 + PE
    Total System Jitter     (TSJ):    0.071ns
    Discrete Jitter          (DJ):    0.138ns
    Phase Error              (PE):    0.000ns

    Location             Delay type                Incr(ns)  Path(ns)    Netlist Resource(s)
  -------------------------------------------------------------------    -------------------
                         (clock timer_clk_clk_pll rise edge)
                                                      0.000     0.000 r  
    AC19                                              0.000     0.000 r  clk (IN)
                         net (fo=0)                   0.000     0.000    pll.clk_pll/inst/clk_in1
    AC19                 IBUF (Prop_ibuf_I_O)         1.485     1.485 r  pll.clk_pll/inst/clkin1_ibufg/O
                         net (fo=1, routed)           1.619     3.104    pll.clk_pll/inst/clk_in1_clk_pll
    PLLE2_ADV_X0Y2       PLLE2_ADV (Prop_plle2_adv_CLKIN1_CLKOUT1)
                                                     -9.006    -5.902 r  pll.clk_pll/inst/plle2_adv_inst/CLKOUT1
                         net (fo=1, routed)           1.837    -4.064    pll.clk_pll/inst/timer_clk_clk_pll
    BUFGCTRL_X0Y1        BUFG (Prop_bufg_I_O)         0.096    -3.968 r  pll.clk_pll/inst/clkout2_buf/O
                         net (fo=99, routed)          1.930    -2.038    u_confreg/timer_clk
    SLICE_X35Y85         FDRE                                         r  u_confreg/write_timer_begin_r3_reg/C
  -------------------------------------------------------------------    -------------------
    SLICE_X35Y85         FDRE (Prop_fdre_C_Q)         0.419    -1.619 r  u_confreg/write_timer_begin_r3_reg/Q
                         net (fo=33, routed)          1.946     0.328    u_confreg/write_timer_begin_r3
    SLICE_X34Y78         LUT4 (Prop_lut4_I3_O)        0.299     0.627 r  u_confreg/timer[0]_i_6/O
                         net (fo=1, routed)           0.000     0.627    u_confreg/timer[0]_i_6_n_0
    SLICE_X34Y78         CARRY4 (Prop_carry4_S[0]_CO[3])
                                                      0.532     1.159 r  u_confreg/timer_reg[0]_i_1/CO[3]
                         net (fo=1, routed)           0.000     1.159    u_confreg/timer_reg[0]_i_1_n_0
    SLICE_X34Y79         CARRY4 (Prop_carry4_CI_CO[3])
                                                      0.114     1.273 r  u_confreg/timer_reg[4]_i_1/CO[3]
                         net (fo=1, routed)           0.000     1.273    u_confreg/timer_reg[4]_i_1_n_0
    SLICE_X34Y80         CARRY4 (Prop_carry4_CI_CO[3])
                                                      0.114     1.387 r  u_confreg/timer_reg[8]_i_1/CO[3]
                         net (fo=1, routed)           0.000     1.387    u_confreg/timer_reg[8]_i_1_n_0
    SLICE_X34Y81         CARRY4 (Prop_carry4_CI_CO[3])
                                                      0.114     1.501 r  u_confreg/timer_reg[12]_i_1/CO[3]
                         net (fo=1, routed)           0.000     1.501    u_confreg/timer_reg[12]_i_1_n_0
    SLICE_X34Y82         CARRY4 (Prop_carry4_CI_CO[3])
                                                      0.114     1.615 r  u_confreg/timer_reg[16]_i_1/CO[3]
                         net (fo=1, routed)           0.000     1.615    u_confreg/timer_reg[16]_i_1_n_0
    SLICE_X34Y83         CARRY4 (Prop_carry4_CI_CO[3])
                                                      0.114     1.729 r  u_confreg/timer_reg[20]_i_1/CO[3]
                         net (fo=1, routed)           0.000     1.729    u_confreg/timer_reg[20]_i_1_n_0
    SLICE_X34Y84         CARRY4 (Prop_carry4_CI_CO[3])
                                                      0.114     1.843 r  u_confreg/timer_reg[24]_i_1/CO[3]
                         net (fo=1, routed)           0.000     1.843    u_confreg/timer_reg[24]_i_1_n_0
    SLICE_X34Y85         CARRY4 (Prop_carry4_CI_O[0])
                                                      0.223     2.066 r  u_confreg/timer_reg[28]_i_1/O[0]
                         net (fo=1, routed)           0.000     2.066    u_confreg/timer_reg[28]_i_1_n_7
    SLICE_X34Y85         FDRE                                         r  u_confreg/timer_reg[28]/D
  -------------------------------------------------------------------    -------------------

                         (clock timer_clk_clk_pll rise edge)
                                                     10.000    10.000 r  
    AC19                                              0.000    10.000 r  clk (IN)
                         net (fo=0)                   0.000    10.000    pll.clk_pll/inst/clk_in1
    AC19                 IBUF (Prop_ibuf_I_O)         1.414    11.414 r  pll.clk_pll/inst/clkin1_ibufg/O
                         net (fo=1, routed)           1.531    12.945    pll.clk_pll/inst/clk_in1_clk_pll
    PLLE2_ADV_X0Y2       PLLE2_ADV (Prop_plle2_adv_CLKIN1_CLKOUT1)
                                                     -8.262     4.684 r  pll.clk_pll/inst/plle2_adv_inst/CLKOUT1
                         net (fo=1, routed)           1.755     6.439    pll.clk_pll/inst/timer_clk_clk_pll
    BUFGCTRL_X0Y1        BUFG (Prop_bufg_I_O)         0.091     6.530 r  pll.clk_pll/inst/clkout2_buf/O
                         net (fo=99, routed)          1.803     8.333    u_confreg/timer_clk
    SLICE_X34Y85         FDRE                                         r  u_confreg/timer_reg[28]/C
                         clock pessimism             -0.393     7.940    
                         clock uncertainty           -0.077     7.863    
    SLICE_X34Y85         FDRE (Setup_fdre_C_D)        0.062     7.925    u_confreg/timer_reg[28]
  -------------------------------------------------------------------
                         required time                          7.925    
                         arrival time                          -2.066    
  -------------------------------------------------------------------
                         slack                                  5.859    

Slack (MET) :             5.879ns  (required time - arrival time)
  Source:                 u_confreg/write_timer_begin_r3_reg/C
                            (rising edge-triggered cell FDRE clocked by timer_clk_clk_pll  {rise@0.000ns fall@5.000ns period=10.000ns})
  Destination:            u_confreg/timer_reg[27]/D
                            (rising edge-triggered cell FDRE clocked by timer_clk_clk_pll  {rise@0.000ns fall@5.000ns period=10.000ns})
  Path Group:             timer_clk_clk_pll
  Path Type:              Setup (Max at Slow Process Corner)
  Requirement:            10.000ns  (timer_clk_clk_pll rise@10.000ns - timer_clk_clk_pll rise@0.000ns)
  Data Path Delay:        4.079ns  (logic 2.133ns (52.286%)  route 1.946ns (47.714%))
  Logic Levels:           8  (CARRY4=7 LUT4=1)
  Clock Path Skew:        -0.026ns (DCD - SCD + CPR)
    Destination Clock Delay (DCD):    -1.668ns = ( 8.332 - 10.000 ) 
    Source Clock Delay      (SCD):    -2.038ns
    Clock Pessimism Removal (CPR):    -0.396ns
  Clock Uncertainty:      0.077ns  ((TSJ^2 + DJ^2)^1/2) / 2 + PE
    Total System Jitter     (TSJ):    0.071ns
    Discrete Jitter          (DJ):    0.138ns
    Phase Error              (PE):    0.000ns

    Location             Delay type                Incr(ns)  Path(ns)    Netlist Resource(s)
  -------------------------------------------------------------------    -------------------
                         (clock timer_clk_clk_pll rise edge)
                                                      0.000     0.000 r  
    AC19                                              0.000     0.000 r  clk (IN)
                         net (fo=0)                   0.000     0.000    pll.clk_pll/inst/clk_in1
    AC19                 IBUF (Prop_ibuf_I_O)         1.485     1.485 r  pll.clk_pll/inst/clkin1_ibufg/O
                         net (fo=1, routed)           1.619     3.104    pll.clk_pll/inst/clk_in1_clk_pll
    PLLE2_ADV_X0Y2       PLLE2_ADV (Prop_plle2_adv_CLKIN1_CLKOUT1)
                                                     -9.006    -5.902 r  pll.clk_pll/inst/plle2_adv_inst/CLKOUT1
                         net (fo=1, routed)           1.837    -4.064    pll.clk_pll/inst/timer_clk_clk_pll
    BUFGCTRL_X0Y1        BUFG (Prop_bufg_I_O)         0.096    -3.968 r  pll.clk_pll/inst/clkout2_buf/O
                         net (fo=99, routed)          1.930    -2.038    u_confreg/timer_clk
    SLICE_X35Y85         FDRE                                         r  u_confreg/write_timer_begin_r3_reg/C
  -------------------------------------------------------------------    -------------------
    SLICE_X35Y85         FDRE (Prop_fdre_C_Q)         0.419    -1.619 r  u_confreg/write_timer_begin_r3_reg/Q
                         net (fo=33, routed)          1.946     0.328    u_confreg/write_timer_begin_r3
    SLICE_X34Y78         LUT4 (Prop_lut4_I3_O)        0.299     0.627 r  u_confreg/timer[0]_i_6/O
                         net (fo=1, routed)           0.000     0.627    u_confreg/timer[0]_i_6_n_0
    SLICE_X34Y78         CARRY4 (Prop_carry4_S[0]_CO[3])
                                                      0.532     1.159 r  u_confreg/timer_reg[0]_i_1/CO[3]
                         net (fo=1, routed)           0.000     1.159    u_confreg/timer_reg[0]_i_1_n_0
    SLICE_X34Y79         CARRY4 (Prop_carry4_CI_CO[3])
                                                      0.114     1.273 r  u_confreg/timer_reg[4]_i_1/CO[3]
                         net (fo=1, routed)           0.000     1.273    u_confreg/timer_reg[4]_i_1_n_0
    SLICE_X34Y80         CARRY4 (Prop_carry4_CI_CO[3])
                                                      0.114     1.387 r  u_confreg/timer_reg[8]_i_1/CO[3]
                         net (fo=1, routed)           0.000     1.387    u_confreg/timer_reg[8]_i_1_n_0
    SLICE_X34Y81         CARRY4 (Prop_carry4_CI_CO[3])
                                                      0.114     1.501 r  u_confreg/timer_reg[12]_i_1/CO[3]
                         net (fo=1, routed)           0.000     1.501    u_confreg/timer_reg[12]_i_1_n_0
    SLICE_X34Y82         CARRY4 (Prop_carry4_CI_CO[3])
                                                      0.114     1.615 r  u_confreg/timer_reg[16]_i_1/CO[3]
                         net (fo=1, routed)           0.000     1.615    u_confreg/timer_reg[16]_i_1_n_0
    SLICE_X34Y83         CARRY4 (Prop_carry4_CI_CO[3])
                                                      0.114     1.729 r  u_confreg/timer_reg[20]_i_1/CO[3]
                         net (fo=1, routed)           0.000     1.729    u_confreg/timer_reg[20]_i_1_n_0
    SLICE_X34Y84         CARRY4 (Prop_carry4_CI_O[3])
                                                      0.313     2.042 r  u_confreg/timer_reg[24]_i_1/O[3]
                         net (fo=1, routed)           0.000     2.042    u_confreg/timer_reg[24]_i_1_n_4
    SLICE_X34Y84         FDRE                                         r  u_confreg/timer_reg[27]/D
  -------------------------------------------------------------------    -------------------

                         (clock timer_clk_clk_pll rise edge)
                                                     10.000    10.000 r  
    AC19                                              0.000    10.000 r  clk (IN)
                         net (fo=0)                   0.000    10.000    pll.clk_pll/inst/clk_in1
    AC19                 IBUF (Prop_ibuf_I_O)         1.414    11.414 r  pll.clk_pll/inst/clkin1_ibufg/O
                         net (fo=1, routed)           1.531    12.945    pll.clk_pll/inst/clk_in1_clk_pll
    PLLE2_ADV_X0Y2       PLLE2_ADV (Prop_plle2_adv_CLKIN1_CLKOUT1)
                                                     -8.262     4.684 r  pll.clk_pll/inst/plle2_adv_inst/CLKOUT1
                         net (fo=1, routed)           1.755     6.439    pll.clk_pll/inst/timer_clk_clk_pll
    BUFGCTRL_X0Y1        BUFG (Prop_bufg_I_O)         0.091     6.530 r  pll.clk_pll/inst/clkout2_buf/O
                         net (fo=99, routed)          1.802     8.332    u_confreg/timer_clk
    SLICE_X34Y84         FDRE                                         r  u_confreg/timer_reg[27]/C
                         clock pessimism             -0.396     7.936    
                         clock uncertainty           -0.077     7.859    
    SLICE_X34Y84         FDRE (Setup_fdre_C_D)        0.062     7.921    u_confreg/timer_reg[27]
  -------------------------------------------------------------------
                         required time                          7.921    
                         arrival time                          -2.042    
  -------------------------------------------------------------------
                         slack                                  5.879    

Slack (MET) :             5.953ns  (required time - arrival time)
  Source:                 u_confreg/write_timer_begin_r3_reg/C
                            (rising edge-triggered cell FDRE clocked by timer_clk_clk_pll  {rise@0.000ns fall@5.000ns period=10.000ns})
  Destination:            u_confreg/timer_reg[26]/D
                            (rising edge-triggered cell FDRE clocked by timer_clk_clk_pll  {rise@0.000ns fall@5.000ns period=10.000ns})
  Path Group:             timer_clk_clk_pll
  Path Type:              Setup (Max at Slow Process Corner)
  Requirement:            10.000ns  (timer_clk_clk_pll rise@10.000ns - timer_clk_clk_pll rise@0.000ns)
  Data Path Delay:        4.005ns  (logic 2.059ns (51.404%)  route 1.946ns (48.596%))
  Logic Levels:           8  (CARRY4=7 LUT4=1)
  Clock Path Skew:        -0.026ns (DCD - SCD + CPR)
    Destination Clock Delay (DCD):    -1.668ns = ( 8.332 - 10.000 ) 
    Source Clock Delay      (SCD):    -2.038ns
    Clock Pessimism Removal (CPR):    -0.396ns
  Clock Uncertainty:      0.077ns  ((TSJ^2 + DJ^2)^1/2) / 2 + PE
    Total System Jitter     (TSJ):    0.071ns
    Discrete Jitter          (DJ):    0.138ns
    Phase Error              (PE):    0.000ns

    Location             Delay type                Incr(ns)  Path(ns)    Netlist Resource(s)
  -------------------------------------------------------------------    -------------------
                         (clock timer_clk_clk_pll rise edge)
                                                      0.000     0.000 r  
    AC19                                              0.000     0.000 r  clk (IN)
                         net (fo=0)                   0.000     0.000    pll.clk_pll/inst/clk_in1
    AC19                 IBUF (Prop_ibuf_I_O)         1.485     1.485 r  pll.clk_pll/inst/clkin1_ibufg/O
                         net (fo=1, routed)           1.619     3.104    pll.clk_pll/inst/clk_in1_clk_pll
    PLLE2_ADV_X0Y2       PLLE2_ADV (Prop_plle2_adv_CLKIN1_CLKOUT1)
                                                     -9.006    -5.902 r  pll.clk_pll/inst/plle2_adv_inst/CLKOUT1
                         net (fo=1, routed)           1.837    -4.064    pll.clk_pll/inst/timer_clk_clk_pll
    BUFGCTRL_X0Y1        BUFG (Prop_bufg_I_O)         0.096    -3.968 r  pll.clk_pll/inst/clkout2_buf/O
                         net (fo=99, routed)          1.930    -2.038    u_confreg/timer_clk
    SLICE_X35Y85         FDRE                                         r  u_confreg/write_timer_begin_r3_reg/C
  -------------------------------------------------------------------    -------------------
    SLICE_X35Y85         FDRE (Prop_fdre_C_Q)         0.419    -1.619 r  u_confreg/write_timer_begin_r3_reg/Q
                         net (fo=33, routed)          1.946     0.328    u_confreg/write_timer_begin_r3
    SLICE_X34Y78         LUT4 (Prop_lut4_I3_O)        0.299     0.627 r  u_confreg/timer[0]_i_6/O
                         net (fo=1, routed)           0.000     0.627    u_confreg/timer[0]_i_6_n_0
    SLICE_X34Y78         CARRY4 (Prop_carry4_S[0]_CO[3])
                                                      0.532     1.159 r  u_confreg/timer_reg[0]_i_1/CO[3]
                         net (fo=1, routed)           0.000     1.159    u_confreg/timer_reg[0]_i_1_n_0
    SLICE_X34Y79         CARRY4 (Prop_carry4_CI_CO[3])
                                                      0.114     1.273 r  u_confreg/timer_reg[4]_i_1/CO[3]
                         net (fo=1, routed)           0.000     1.273    u_confreg/timer_reg[4]_i_1_n_0
    SLICE_X34Y80         CARRY4 (Prop_carry4_CI_CO[3])
                                                      0.114     1.387 r  u_confreg/timer_reg[8]_i_1/CO[3]
                         net (fo=1, routed)           0.000     1.387    u_confreg/timer_reg[8]_i_1_n_0
    SLICE_X34Y81         CARRY4 (Prop_carry4_CI_CO[3])
                                                      0.114     1.501 r  u_confreg/timer_reg[12]_i_1/CO[3]
                         net (fo=1, routed)           0.000     1.501    u_confreg/timer_reg[12]_i_1_n_0
    SLICE_X34Y82         CARRY4 (Prop_carry4_CI_CO[3])
                                                      0.114     1.615 r  u_confreg/timer_reg[16]_i_1/CO[3]
                         net (fo=1, routed)           0.000     1.615    u_confreg/timer_reg[16]_i_1_n_0
    SLICE_X34Y83         CARRY4 (Prop_carry4_CI_CO[3])
                                                      0.114     1.729 r  u_confreg/timer_reg[20]_i_1/CO[3]
                         net (fo=1, routed)           0.000     1.729    u_confreg/timer_reg[20]_i_1_n_0
    SLICE_X34Y84         CARRY4 (Prop_carry4_CI_O[2])
                                                      0.239     1.968 r  u_confreg/timer_reg[24]_i_1/O[2]
                         net (fo=1, routed)           0.000     1.968    u_confreg/timer_reg[24]_i_1_n_5
    SLICE_X34Y84         FDRE                                         r  u_confreg/timer_reg[26]/D
  -------------------------------------------------------------------    -------------------

                         (clock timer_clk_clk_pll rise edge)
                                                     10.000    10.000 r  
    AC19                                              0.000    10.000 r  clk (IN)
                         net (fo=0)                   0.000    10.000    pll.clk_pll/inst/clk_in1
    AC19                 IBUF (Prop_ibuf_I_O)         1.414    11.414 r  pll.clk_pll/inst/clkin1_ibufg/O
                         net (fo=1, routed)           1.531    12.945    pll.clk_pll/inst/clk_in1_clk_pll
    PLLE2_ADV_X0Y2       PLLE2_ADV (Prop_plle2_adv_CLKIN1_CLKOUT1)
                                                     -8.262     4.684 r  pll.clk_pll/inst/plle2_adv_inst/CLKOUT1
                         net (fo=1, routed)           1.755     6.439    pll.clk_pll/inst/timer_clk_clk_pll
    BUFGCTRL_X0Y1        BUFG (Prop_bufg_I_O)         0.091     6.530 r  pll.clk_pll/inst/clkout2_buf/O
                         net (fo=99, routed)          1.802     8.332    u_confreg/timer_clk
    SLICE_X34Y84         FDRE                                         r  u_confreg/timer_reg[26]/C
                         clock pessimism             -0.396     7.936    
                         clock uncertainty           -0.077     7.859    
    SLICE_X34Y84         FDRE (Setup_fdre_C_D)        0.062     7.921    u_confreg/timer_reg[26]
  -------------------------------------------------------------------
                         required time                          7.921    
                         arrival time                          -1.968    
  -------------------------------------------------------------------
                         slack                                  5.953    

Slack (MET) :             5.969ns  (required time - arrival time)
  Source:                 u_confreg/write_timer_begin_r3_reg/C
                            (rising edge-triggered cell FDRE clocked by timer_clk_clk_pll  {rise@0.000ns fall@5.000ns period=10.000ns})
  Destination:            u_confreg/timer_reg[24]/D
                            (rising edge-triggered cell FDRE clocked by timer_clk_clk_pll  {rise@0.000ns fall@5.000ns period=10.000ns})
  Path Group:             timer_clk_clk_pll
  Path Type:              Setup (Max at Slow Process Corner)
  Requirement:            10.000ns  (timer_clk_clk_pll rise@10.000ns - timer_clk_clk_pll rise@0.000ns)
  Data Path Delay:        3.989ns  (logic 2.043ns (51.209%)  route 1.946ns (48.791%))
  Logic Levels:           8  (CARRY4=7 LUT4=1)
  Clock Path Skew:        -0.026ns (DCD - SCD + CPR)
    Destination Clock Delay (DCD):    -1.668ns = ( 8.332 - 10.000 ) 
    Source Clock Delay      (SCD):    -2.038ns
    Clock Pessimism Removal (CPR):    -0.396ns
  Clock Uncertainty:      0.077ns  ((TSJ^2 + DJ^2)^1/2) / 2 + PE
    Total System Jitter     (TSJ):    0.071ns
    Discrete Jitter          (DJ):    0.138ns
    Phase Error              (PE):    0.000ns

    Location             Delay type                Incr(ns)  Path(ns)    Netlist Resource(s)
  -------------------------------------------------------------------    -------------------
                         (clock timer_clk_clk_pll rise edge)
                                                      0.000     0.000 r  
    AC19                                              0.000     0.000 r  clk (IN)
                         net (fo=0)                   0.000     0.000    pll.clk_pll/inst/clk_in1
    AC19                 IBUF (Prop_ibuf_I_O)         1.485     1.485 r  pll.clk_pll/inst/clkin1_ibufg/O
                         net (fo=1, routed)           1.619     3.104    pll.clk_pll/inst/clk_in1_clk_pll
    PLLE2_ADV_X0Y2       PLLE2_ADV (Prop_plle2_adv_CLKIN1_CLKOUT1)
                                                     -9.006    -5.902 r  pll.clk_pll/inst/plle2_adv_inst/CLKOUT1
                         net (fo=1, routed)           1.837    -4.064    pll.clk_pll/inst/timer_clk_clk_pll
    BUFGCTRL_X0Y1        BUFG (Prop_bufg_I_O)         0.096    -3.968 r  pll.clk_pll/inst/clkout2_buf/O
                         net (fo=99, routed)          1.930    -2.038    u_confreg/timer_clk
    SLICE_X35Y85         FDRE                                         r  u_confreg/write_timer_begin_r3_reg/C
  -------------------------------------------------------------------    -------------------
    SLICE_X35Y85         FDRE (Prop_fdre_C_Q)         0.419    -1.619 r  u_confreg/write_timer_begin_r3_reg/Q
                         net (fo=33, routed)          1.946     0.328    u_confreg/write_timer_begin_r3
    SLICE_X34Y78         LUT4 (Prop_lut4_I3_O)        0.299     0.627 r  u_confreg/timer[0]_i_6/O
                         net (fo=1, routed)           0.000     0.627    u_confreg/timer[0]_i_6_n_0
    SLICE_X34Y78         CARRY4 (Prop_carry4_S[0]_CO[3])
                                                      0.532     1.159 r  u_confreg/timer_reg[0]_i_1/CO[3]
                         net (fo=1, routed)           0.000     1.159    u_confreg/timer_reg[0]_i_1_n_0
    SLICE_X34Y79         CARRY4 (Prop_carry4_CI_CO[3])
                                                      0.114     1.273 r  u_confreg/timer_reg[4]_i_1/CO[3]
                         net (fo=1, routed)           0.000     1.273    u_confreg/timer_reg[4]_i_1_n_0
    SLICE_X34Y80         CARRY4 (Prop_carry4_CI_CO[3])
                                                      0.114     1.387 r  u_confreg/timer_reg[8]_i_1/CO[3]
                         net (fo=1, routed)           0.000     1.387    u_confreg/timer_reg[8]_i_1_n_0
    SLICE_X34Y81         CARRY4 (Prop_carry4_CI_CO[3])
                                                      0.114     1.501 r  u_confreg/timer_reg[12]_i_1/CO[3]
                         net (fo=1, routed)           0.000     1.501    u_confreg/timer_reg[12]_i_1_n_0
    SLICE_X34Y82         CARRY4 (Prop_carry4_CI_CO[3])
                                                      0.114     1.615 r  u_confreg/timer_reg[16]_i_1/CO[3]
                         net (fo=1, routed)           0.000     1.615    u_confreg/timer_reg[16]_i_1_n_0
    SLICE_X34Y83         CARRY4 (Prop_carry4_CI_CO[3])
                                                      0.114     1.729 r  u_confreg/timer_reg[20]_i_1/CO[3]
                         net (fo=1, routed)           0.000     1.729    u_confreg/timer_reg[20]_i_1_n_0
    SLICE_X34Y84         CARRY4 (Prop_carry4_CI_O[0])
                                                      0.223     1.952 r  u_confreg/timer_reg[24]_i_1/O[0]
                         net (fo=1, routed)           0.000     1.952    u_confreg/timer_reg[24]_i_1_n_7
    SLICE_X34Y84         FDRE                                         r  u_confreg/timer_reg[24]/D
  -------------------------------------------------------------------    -------------------

                         (clock timer_clk_clk_pll rise edge)
                                                     10.000    10.000 r  
    AC19                                              0.000    10.000 r  clk (IN)
                         net (fo=0)                   0.000    10.000    pll.clk_pll/inst/clk_in1
    AC19                 IBUF (Prop_ibuf_I_O)         1.414    11.414 r  pll.clk_pll/inst/clkin1_ibufg/O
                         net (fo=1, routed)           1.531    12.945    pll.clk_pll/inst/clk_in1_clk_pll
    PLLE2_ADV_X0Y2       PLLE2_ADV (Prop_plle2_adv_CLKIN1_CLKOUT1)
                                                     -8.262     4.684 r  pll.clk_pll/inst/plle2_adv_inst/CLKOUT1
                         net (fo=1, routed)           1.755     6.439    pll.clk_pll/inst/timer_clk_clk_pll
    BUFGCTRL_X0Y1        BUFG (Prop_bufg_I_O)         0.091     6.530 r  pll.clk_pll/inst/clkout2_buf/O
                         net (fo=99, routed)          1.802     8.332    u_confreg/timer_clk
    SLICE_X34Y84         FDRE                                         r  u_confreg/timer_reg[24]/C
                         clock pessimism             -0.396     7.936    
                         clock uncertainty           -0.077     7.859    
    SLICE_X34Y84         FDRE (Setup_fdre_C_D)        0.062     7.921    u_confreg/timer_reg[24]
  -------------------------------------------------------------------
                         required time                          7.921    
                         arrival time                          -1.952    
  -------------------------------------------------------------------
                         slack                                  5.969    

Slack (MET) :             5.971ns  (required time - arrival time)
  Source:                 u_confreg/write_timer_begin_r3_reg/C
                            (rising edge-triggered cell FDRE clocked by timer_clk_clk_pll  {rise@0.000ns fall@5.000ns period=10.000ns})
  Destination:            u_confreg/timer_reg[21]/D
                            (rising edge-triggered cell FDRE clocked by timer_clk_clk_pll  {rise@0.000ns fall@5.000ns period=10.000ns})
  Path Group:             timer_clk_clk_pll
  Path Type:              Setup (Max at Slow Process Corner)
  Requirement:            10.000ns  (timer_clk_clk_pll rise@10.000ns - timer_clk_clk_pll rise@0.000ns)
  Data Path Delay:        3.986ns  (logic 2.040ns (51.173%)  route 1.946ns (48.827%))
  Logic Levels:           7  (CARRY4=6 LUT4=1)
  Clock Path Skew:        -0.027ns (DCD - SCD + CPR)
    Destination Clock Delay (DCD):    -1.669ns = ( 8.331 - 10.000 ) 
    Source Clock Delay      (SCD):    -2.038ns
    Clock Pessimism Removal (CPR):    -0.396ns
  Clock Uncertainty:      0.077ns  ((TSJ^2 + DJ^2)^1/2) / 2 + PE
    Total System Jitter     (TSJ):    0.071ns
    Discrete Jitter          (DJ):    0.138ns
    Phase Error              (PE):    0.000ns

    Location             Delay type                Incr(ns)  Path(ns)    Netlist Resource(s)
  -------------------------------------------------------------------    -------------------
                         (clock timer_clk_clk_pll rise edge)
                                                      0.000     0.000 r  
    AC19                                              0.000     0.000 r  clk (IN)
                         net (fo=0)                   0.000     0.000    pll.clk_pll/inst/clk_in1
    AC19                 IBUF (Prop_ibuf_I_O)         1.485     1.485 r  pll.clk_pll/inst/clkin1_ibufg/O
                         net (fo=1, routed)           1.619     3.104    pll.clk_pll/inst/clk_in1_clk_pll
    PLLE2_ADV_X0Y2       PLLE2_ADV (Prop_plle2_adv_CLKIN1_CLKOUT1)
                                                     -9.006    -5.902 r  pll.clk_pll/inst/plle2_adv_inst/CLKOUT1
                         net (fo=1, routed)           1.837    -4.064    pll.clk_pll/inst/timer_clk_clk_pll
    BUFGCTRL_X0Y1        BUFG (Prop_bufg_I_O)         0.096    -3.968 r  pll.clk_pll/inst/clkout2_buf/O
                         net (fo=99, routed)          1.930    -2.038    u_confreg/timer_clk
    SLICE_X35Y85         FDRE                                         r  u_confreg/write_timer_begin_r3_reg/C
  -------------------------------------------------------------------    -------------------
    SLICE_X35Y85         FDRE (Prop_fdre_C_Q)         0.419    -1.619 r  u_confreg/write_timer_begin_r3_reg/Q
                         net (fo=33, routed)          1.946     0.328    u_confreg/write_timer_begin_r3
    SLICE_X34Y78         LUT4 (Prop_lut4_I3_O)        0.299     0.627 r  u_confreg/timer[0]_i_6/O
                         net (fo=1, routed)           0.000     0.627    u_confreg/timer[0]_i_6_n_0
    SLICE_X34Y78         CARRY4 (Prop_carry4_S[0]_CO[3])
                                                      0.532     1.159 r  u_confreg/timer_reg[0]_i_1/CO[3]
                         net (fo=1, routed)           0.000     1.159    u_confreg/timer_reg[0]_i_1_n_0
    SLICE_X34Y79         CARRY4 (Prop_carry4_CI_CO[3])
                                                      0.114     1.273 r  u_confreg/timer_reg[4]_i_1/CO[3]
                         net (fo=1, routed)           0.000     1.273    u_confreg/timer_reg[4]_i_1_n_0
    SLICE_X34Y80         CARRY4 (Prop_carry4_CI_CO[3])
                                                      0.114     1.387 r  u_confreg/timer_reg[8]_i_1/CO[3]
                         net (fo=1, routed)           0.000     1.387    u_confreg/timer_reg[8]_i_1_n_0
    SLICE_X34Y81         CARRY4 (Prop_carry4_CI_CO[3])
                                                      0.114     1.501 r  u_confreg/timer_reg[12]_i_1/CO[3]
                         net (fo=1, routed)           0.000     1.501    u_confreg/timer_reg[12]_i_1_n_0
    SLICE_X34Y82         CARRY4 (Prop_carry4_CI_CO[3])
                                                      0.114     1.615 r  u_confreg/timer_reg[16]_i_1/CO[3]
                         net (fo=1, routed)           0.000     1.615    u_confreg/timer_reg[16]_i_1_n_0
    SLICE_X34Y83         CARRY4 (Prop_carry4_CI_O[1])
                                                      0.334     1.949 r  u_confreg/timer_reg[20]_i_1/O[1]
                         net (fo=1, routed)           0.000     1.949    u_confreg/timer_reg[20]_i_1_n_6
    SLICE_X34Y83         FDRE                                         r  u_confreg/timer_reg[21]/D
  -------------------------------------------------------------------    -------------------

                         (clock timer_clk_clk_pll rise edge)
                                                     10.000    10.000 r  
    AC19                                              0.000    10.000 r  clk (IN)
                         net (fo=0)                   0.000    10.000    pll.clk_pll/inst/clk_in1
    AC19                 IBUF (Prop_ibuf_I_O)         1.414    11.414 r  pll.clk_pll/inst/clkin1_ibufg/O
                         net (fo=1, routed)           1.531    12.945    pll.clk_pll/inst/clk_in1_clk_pll
    PLLE2_ADV_X0Y2       PLLE2_ADV (Prop_plle2_adv_CLKIN1_CLKOUT1)
                                                     -8.262     4.684 r  pll.clk_pll/inst/plle2_adv_inst/CLKOUT1
                         net (fo=1, routed)           1.755     6.439    pll.clk_pll/inst/timer_clk_clk_pll
    BUFGCTRL_X0Y1        BUFG (Prop_bufg_I_O)         0.091     6.530 r  pll.clk_pll/inst/clkout2_buf/O
                         net (fo=99, routed)          1.801     8.331    u_confreg/timer_clk
    SLICE_X34Y83         FDRE                                         r  u_confreg/timer_reg[21]/C
                         clock pessimism             -0.396     7.935    
                         clock uncertainty           -0.077     7.858    
    SLICE_X34Y83         FDRE (Setup_fdre_C_D)        0.062     7.920    u_confreg/timer_reg[21]
  -------------------------------------------------------------------
                         required time                          7.920    
                         arrival time                          -1.949    
  -------------------------------------------------------------------
                         slack                                  5.971    

Slack (MET) :             5.992ns  (required time - arrival time)
  Source:                 u_confreg/write_timer_begin_r3_reg/C
                            (rising edge-triggered cell FDRE clocked by timer_clk_clk_pll  {rise@0.000ns fall@5.000ns period=10.000ns})
  Destination:            u_confreg/timer_reg[23]/D
                            (rising edge-triggered cell FDRE clocked by timer_clk_clk_pll  {rise@0.000ns fall@5.000ns period=10.000ns})
  Path Group:             timer_clk_clk_pll
  Path Type:              Setup (Max at Slow Process Corner)
  Requirement:            10.000ns  (timer_clk_clk_pll rise@10.000ns - timer_clk_clk_pll rise@0.000ns)
  Data Path Delay:        3.965ns  (logic 2.019ns (50.914%)  route 1.946ns (49.086%))
  Logic Levels:           7  (CARRY4=6 LUT4=1)
  Clock Path Skew:        -0.027ns (DCD - SCD + CPR)
    Destination Clock Delay (DCD):    -1.669ns = ( 8.331 - 10.000 ) 
    Source Clock Delay      (SCD):    -2.038ns
    Clock Pessimism Removal (CPR):    -0.396ns
  Clock Uncertainty:      0.077ns  ((TSJ^2 + DJ^2)^1/2) / 2 + PE
    Total System Jitter     (TSJ):    0.071ns
    Discrete Jitter          (DJ):    0.138ns
    Phase Error              (PE):    0.000ns

    Location             Delay type                Incr(ns)  Path(ns)    Netlist Resource(s)
  -------------------------------------------------------------------    -------------------
                         (clock timer_clk_clk_pll rise edge)
                                                      0.000     0.000 r  
    AC19                                              0.000     0.000 r  clk (IN)
                         net (fo=0)                   0.000     0.000    pll.clk_pll/inst/clk_in1
    AC19                 IBUF (Prop_ibuf_I_O)         1.485     1.485 r  pll.clk_pll/inst/clkin1_ibufg/O
                         net (fo=1, routed)           1.619     3.104    pll.clk_pll/inst/clk_in1_clk_pll
    PLLE2_ADV_X0Y2       PLLE2_ADV (Prop_plle2_adv_CLKIN1_CLKOUT1)
                                                     -9.006    -5.902 r  pll.clk_pll/inst/plle2_adv_inst/CLKOUT1
                         net (fo=1, routed)           1.837    -4.064    pll.clk_pll/inst/timer_clk_clk_pll
    BUFGCTRL_X0Y1        BUFG (Prop_bufg_I_O)         0.096    -3.968 r  pll.clk_pll/inst/clkout2_buf/O
                         net (fo=99, routed)          1.930    -2.038    u_confreg/timer_clk
    SLICE_X35Y85         FDRE                                         r  u_confreg/write_timer_begin_r3_reg/C
  -------------------------------------------------------------------    -------------------
    SLICE_X35Y85         FDRE (Prop_fdre_C_Q)         0.419    -1.619 r  u_confreg/write_timer_begin_r3_reg/Q
                         net (fo=33, routed)          1.946     0.328    u_confreg/write_timer_begin_r3
    SLICE_X34Y78         LUT4 (Prop_lut4_I3_O)        0.299     0.627 r  u_confreg/timer[0]_i_6/O
                         net (fo=1, routed)           0.000     0.627    u_confreg/timer[0]_i_6_n_0
    SLICE_X34Y78         CARRY4 (Prop_carry4_S[0]_CO[3])
                                                      0.532     1.159 r  u_confreg/timer_reg[0]_i_1/CO[3]
                         net (fo=1, routed)           0.000     1.159    u_confreg/timer_reg[0]_i_1_n_0
    SLICE_X34Y79         CARRY4 (Prop_carry4_CI_CO[3])
                                                      0.114     1.273 r  u_confreg/timer_reg[4]_i_1/CO[3]
                         net (fo=1, routed)           0.000     1.273    u_confreg/timer_reg[4]_i_1_n_0
    SLICE_X34Y80         CARRY4 (Prop_carry4_CI_CO[3])
                                                      0.114     1.387 r  u_confreg/timer_reg[8]_i_1/CO[3]
                         net (fo=1, routed)           0.000     1.387    u_confreg/timer_reg[8]_i_1_n_0
    SLICE_X34Y81         CARRY4 (Prop_carry4_CI_CO[3])
                                                      0.114     1.501 r  u_confreg/timer_reg[12]_i_1/CO[3]
                         net (fo=1, routed)           0.000     1.501    u_confreg/timer_reg[12]_i_1_n_0
    SLICE_X34Y82         CARRY4 (Prop_carry4_CI_CO[3])
                                                      0.114     1.615 r  u_confreg/timer_reg[16]_i_1/CO[3]
                         net (fo=1, routed)           0.000     1.615    u_confreg/timer_reg[16]_i_1_n_0
    SLICE_X34Y83         CARRY4 (Prop_carry4_CI_O[3])
                                                      0.313     1.928 r  u_confreg/timer_reg[20]_i_1/O[3]
                         net (fo=1, routed)           0.000     1.928    u_confreg/timer_reg[20]_i_1_n_4
    SLICE_X34Y83         FDRE                                         r  u_confreg/timer_reg[23]/D
  -------------------------------------------------------------------    -------------------

                         (clock timer_clk_clk_pll rise edge)
                                                     10.000    10.000 r  
    AC19                                              0.000    10.000 r  clk (IN)
                         net (fo=0)                   0.000    10.000    pll.clk_pll/inst/clk_in1
    AC19                 IBUF (Prop_ibuf_I_O)         1.414    11.414 r  pll.clk_pll/inst/clkin1_ibufg/O
                         net (fo=1, routed)           1.531    12.945    pll.clk_pll/inst/clk_in1_clk_pll
    PLLE2_ADV_X0Y2       PLLE2_ADV (Prop_plle2_adv_CLKIN1_CLKOUT1)
                                                     -8.262     4.684 r  pll.clk_pll/inst/plle2_adv_inst/CLKOUT1
                         net (fo=1, routed)           1.755     6.439    pll.clk_pll/inst/timer_clk_clk_pll
    BUFGCTRL_X0Y1        BUFG (Prop_bufg_I_O)         0.091     6.530 r  pll.clk_pll/inst/clkout2_buf/O
                         net (fo=99, routed)          1.801     8.331    u_confreg/timer_clk
    SLICE_X34Y83         FDRE                                         r  u_confreg/timer_reg[23]/C
                         clock pessimism             -0.396     7.935    
                         clock uncertainty           -0.077     7.858    
    SLICE_X34Y83         FDRE (Setup_fdre_C_D)        0.062     7.920    u_confreg/timer_reg[23]
  -------------------------------------------------------------------
                         required time                          7.920    
                         arrival time                          -1.928    
  -------------------------------------------------------------------
                         slack                                  5.992    





Min Delay Paths
--------------------------------------------------------------------------------------
Slack (MET) :             0.121ns  (arrival time - required time)
  Source:                 u_confreg/conf_wdata_r1_reg[6]/C
                            (rising edge-triggered cell FDRE clocked by timer_clk_clk_pll  {rise@0.000ns fall@5.000ns period=10.000ns})
  Destination:            u_confreg/conf_wdata_r2_reg[6]/D
                            (rising edge-triggered cell FDRE clocked by timer_clk_clk_pll  {rise@0.000ns fall@5.000ns period=10.000ns})
  Path Group:             timer_clk_clk_pll
  Path Type:              Hold (Min at Fast Process Corner)
  Requirement:            0.000ns  (timer_clk_clk_pll rise@0.000ns - timer_clk_clk_pll rise@0.000ns)
  Data Path Delay:        0.197ns  (logic 0.141ns (71.611%)  route 0.056ns (28.389%))
  Logic Levels:           0  
  Clock Path Skew:        0.000ns (DCD - SCD - CPR)
    Destination Clock Delay (DCD):    -0.206ns
    Source Clock Delay      (SCD):    -0.447ns
    Clock Pessimism Removal (CPR):    0.241ns

    Location             Delay type                Incr(ns)  Path(ns)    Netlist Resource(s)
  -------------------------------------------------------------------    -------------------
                         (clock timer_clk_clk_pll rise edge)
                                                      0.000     0.000 r  
    AC19                                              0.000     0.000 r  clk (IN)
                         net (fo=0)                   0.000     0.000    pll.clk_pll/inst/clk_in1
    AC19                 IBUF (Prop_ibuf_I_O)         0.253     0.253 r  pll.clk_pll/inst/clkin1_ibufg/O
                         net (fo=1, routed)           0.565     0.818    pll.clk_pll/inst/clk_in1_clk_pll
    PLLE2_ADV_X0Y2       PLLE2_ADV (Prop_plle2_adv_CLKIN1_CLKOUT1)
                                                     -2.523    -1.705 r  pll.clk_pll/inst/plle2_adv_inst/CLKOUT1
                         net (fo=1, routed)           0.560    -1.146    pll.clk_pll/inst/timer_clk_clk_pll
    BUFGCTRL_X0Y1        BUFG (Prop_bufg_I_O)         0.026    -1.120 r  pll.clk_pll/inst/clkout2_buf/O
                         net (fo=99, routed)          0.672    -0.447    u_confreg/timer_clk
    SLICE_X35Y74         FDRE                                         r  u_confreg/conf_wdata_r1_reg[6]/C
  -------------------------------------------------------------------    -------------------
    SLICE_X35Y74         FDRE (Prop_fdre_C_Q)         0.141    -0.306 r  u_confreg/conf_wdata_r1_reg[6]/Q
                         net (fo=1, routed)           0.056    -0.250    u_confreg/conf_wdata_r1[6]
    SLICE_X35Y74         FDRE                                         r  u_confreg/conf_wdata_r2_reg[6]/D
  -------------------------------------------------------------------    -------------------

                         (clock timer_clk_clk_pll rise edge)
                                                      0.000     0.000 r  
    AC19                                              0.000     0.000 r  clk (IN)
                         net (fo=0)                   0.000     0.000    pll.clk_pll/inst/clk_in1
    AC19                 IBUF (Prop_ibuf_I_O)         0.441     0.441 r  pll.clk_pll/inst/clkin1_ibufg/O
                         net (fo=1, routed)           0.620     1.061    pll.clk_pll/inst/clk_in1_clk_pll
    PLLE2_ADV_X0Y2       PLLE2_ADV (Prop_plle2_adv_CLKIN1_CLKOUT1)
                                                     -2.851    -1.790 r  pll.clk_pll/inst/plle2_adv_inst/CLKOUT1
                         net (fo=1, routed)           0.611    -1.180    pll.clk_pll/inst/timer_clk_clk_pll
    BUFGCTRL_X0Y1        BUFG (Prop_bufg_I_O)         0.029    -1.151 r  pll.clk_pll/inst/clkout2_buf/O
                         net (fo=99, routed)          0.945    -0.206    u_confreg/timer_clk
    SLICE_X35Y74         FDRE                                         r  u_confreg/conf_wdata_r2_reg[6]/C
                         clock pessimism             -0.241    -0.447    
    SLICE_X35Y74         FDRE (Hold_fdre_C_D)         0.076    -0.371    u_confreg/conf_wdata_r2_reg[6]
  -------------------------------------------------------------------
                         required time                          0.371    
                         arrival time                          -0.250    
  -------------------------------------------------------------------
                         slack                                  0.121    

Slack (MET) :             0.126ns  (arrival time - required time)
  Source:                 u_confreg/conf_wdata_r1_reg[5]/C
                            (rising edge-triggered cell FDRE clocked by timer_clk_clk_pll  {rise@0.000ns fall@5.000ns period=10.000ns})
  Destination:            u_confreg/conf_wdata_r2_reg[5]/D
                            (rising edge-triggered cell FDRE clocked by timer_clk_clk_pll  {rise@0.000ns fall@5.000ns period=10.000ns})
  Path Group:             timer_clk_clk_pll
  Path Type:              Hold (Min at Fast Process Corner)
  Requirement:            0.000ns  (timer_clk_clk_pll rise@0.000ns - timer_clk_clk_pll rise@0.000ns)
  Data Path Delay:        0.197ns  (logic 0.141ns (71.611%)  route 0.056ns (28.389%))
  Logic Levels:           0  
  Clock Path Skew:        0.000ns (DCD - SCD - CPR)
    Destination Clock Delay (DCD):    -0.206ns
    Source Clock Delay      (SCD):    -0.447ns
    Clock Pessimism Removal (CPR):    0.241ns

    Location             Delay type                Incr(ns)  Path(ns)    Netlist Resource(s)
  -------------------------------------------------------------------    -------------------
                         (clock timer_clk_clk_pll rise edge)
                                                      0.000     0.000 r  
    AC19                                              0.000     0.000 r  clk (IN)
                         net (fo=0)                   0.000     0.000    pll.clk_pll/inst/clk_in1
    AC19                 IBUF (Prop_ibuf_I_O)         0.253     0.253 r  pll.clk_pll/inst/clkin1_ibufg/O
                         net (fo=1, routed)           0.565     0.818    pll.clk_pll/inst/clk_in1_clk_pll
    PLLE2_ADV_X0Y2       PLLE2_ADV (Prop_plle2_adv_CLKIN1_CLKOUT1)
                                                     -2.523    -1.705 r  pll.clk_pll/inst/plle2_adv_inst/CLKOUT1
                         net (fo=1, routed)           0.560    -1.146    pll.clk_pll/inst/timer_clk_clk_pll
    BUFGCTRL_X0Y1        BUFG (Prop_bufg_I_O)         0.026    -1.120 r  pll.clk_pll/inst/clkout2_buf/O
                         net (fo=99, routed)          0.672    -0.447    u_confreg/timer_clk
    SLICE_X35Y74         FDRE                                         r  u_confreg/conf_wdata_r1_reg[5]/C
  -------------------------------------------------------------------    -------------------
    SLICE_X35Y74         FDRE (Prop_fdre_C_Q)         0.141    -0.306 r  u_confreg/conf_wdata_r1_reg[5]/Q
                         net (fo=1, routed)           0.056    -0.250    u_confreg/conf_wdata_r1[5]
    SLICE_X35Y74         FDRE                                         r  u_confreg/conf_wdata_r2_reg[5]/D
  -------------------------------------------------------------------    -------------------

                         (clock timer_clk_clk_pll rise edge)
                                                      0.000     0.000 r  
    AC19                                              0.000     0.000 r  clk (IN)
                         net (fo=0)                   0.000     0.000    pll.clk_pll/inst/clk_in1
    AC19                 IBUF (Prop_ibuf_I_O)         0.441     0.441 r  pll.clk_pll/inst/clkin1_ibufg/O
                         net (fo=1, routed)           0.620     1.061    pll.clk_pll/inst/clk_in1_clk_pll
    PLLE2_ADV_X0Y2       PLLE2_ADV (Prop_plle2_adv_CLKIN1_CLKOUT1)
                                                     -2.851    -1.790 r  pll.clk_pll/inst/plle2_adv_inst/CLKOUT1
                         net (fo=1, routed)           0.611    -1.180    pll.clk_pll/inst/timer_clk_clk_pll
    BUFGCTRL_X0Y1        BUFG (Prop_bufg_I_O)         0.029    -1.151 r  pll.clk_pll/inst/clkout2_buf/O
                         net (fo=99, routed)          0.945    -0.206    u_confreg/timer_clk
    SLICE_X35Y74         FDRE                                         r  u_confreg/conf_wdata_r2_reg[5]/C
                         clock pessimism             -0.241    -0.447    
    SLICE_X35Y74         FDRE (Hold_fdre_C_D)         0.071    -0.376    u_confreg/conf_wdata_r2_reg[5]
  -------------------------------------------------------------------
                         required time                          0.376    
                         arrival time                          -0.250    
  -------------------------------------------------------------------
                         slack                                  0.126    

Slack (MET) :             0.162ns  (arrival time - required time)
  Source:                 u_confreg/conf_wdata_r1_reg[26]/C
                            (rising edge-triggered cell FDRE clocked by timer_clk_clk_pll  {rise@0.000ns fall@5.000ns period=10.000ns})
  Destination:            u_confreg/conf_wdata_r2_reg[26]/D
                            (rising edge-triggered cell FDRE clocked by timer_clk_clk_pll  {rise@0.000ns fall@5.000ns period=10.000ns})
  Path Group:             timer_clk_clk_pll
  Path Type:              Hold (Min at Fast Process Corner)
  Requirement:            0.000ns  (timer_clk_clk_pll rise@0.000ns - timer_clk_clk_pll rise@0.000ns)
  Data Path Delay:        0.247ns  (logic 0.141ns (57.182%)  route 0.106ns (42.818%))
  Logic Levels:           0  
  Clock Path Skew:        0.014ns (DCD - SCD - CPR)
    Destination Clock Delay (DCD):    -0.198ns
    Source Clock Delay      (SCD):    -0.440ns
    Clock Pessimism Removal (CPR):    0.228ns

    Location             Delay type                Incr(ns)  Path(ns)    Netlist Resource(s)
  -------------------------------------------------------------------    -------------------
                         (clock timer_clk_clk_pll rise edge)
                                                      0.000     0.000 r  
    AC19                                              0.000     0.000 r  clk (IN)
                         net (fo=0)                   0.000     0.000    pll.clk_pll/inst/clk_in1
    AC19                 IBUF (Prop_ibuf_I_O)         0.253     0.253 r  pll.clk_pll/inst/clkin1_ibufg/O
                         net (fo=1, routed)           0.565     0.818    pll.clk_pll/inst/clk_in1_clk_pll
    PLLE2_ADV_X0Y2       PLLE2_ADV (Prop_plle2_adv_CLKIN1_CLKOUT1)
                                                     -2.523    -1.705 r  pll.clk_pll/inst/plle2_adv_inst/CLKOUT1
                         net (fo=1, routed)           0.560    -1.146    pll.clk_pll/inst/timer_clk_clk_pll
    BUFGCTRL_X0Y1        BUFG (Prop_bufg_I_O)         0.026    -1.120 r  pll.clk_pll/inst/clkout2_buf/O
                         net (fo=99, routed)          0.679    -0.440    u_confreg/timer_clk
    SLICE_X32Y82         FDRE                                         r  u_confreg/conf_wdata_r1_reg[26]/C
  -------------------------------------------------------------------    -------------------
    SLICE_X32Y82         FDRE (Prop_fdre_C_Q)         0.141    -0.299 r  u_confreg/conf_wdata_r1_reg[26]/Q
                         net (fo=1, routed)           0.106    -0.194    u_confreg/conf_wdata_r1[26]
    SLICE_X35Y82         FDRE                                         r  u_confreg/conf_wdata_r2_reg[26]/D
  -------------------------------------------------------------------    -------------------

                         (clock timer_clk_clk_pll rise edge)
                                                      0.000     0.000 r  
    AC19                                              0.000     0.000 r  clk (IN)
                         net (fo=0)                   0.000     0.000    pll.clk_pll/inst/clk_in1
    AC19                 IBUF (Prop_ibuf_I_O)         0.441     0.441 r  pll.clk_pll/inst/clkin1_ibufg/O
                         net (fo=1, routed)           0.620     1.061    pll.clk_pll/inst/clk_in1_clk_pll
    PLLE2_ADV_X0Y2       PLLE2_ADV (Prop_plle2_adv_CLKIN1_CLKOUT1)
                                                     -2.851    -1.790 r  pll.clk_pll/inst/plle2_adv_inst/CLKOUT1
                         net (fo=1, routed)           0.611    -1.180    pll.clk_pll/inst/timer_clk_clk_pll
    BUFGCTRL_X0Y1        BUFG (Prop_bufg_I_O)         0.029    -1.151 r  pll.clk_pll/inst/clkout2_buf/O
                         net (fo=99, routed)          0.953    -0.198    u_confreg/timer_clk
    SLICE_X35Y82         FDRE                                         r  u_confreg/conf_wdata_r2_reg[26]/C
                         clock pessimism             -0.228    -0.426    
    SLICE_X35Y82         FDRE (Hold_fdre_C_D)         0.071    -0.355    u_confreg/conf_wdata_r2_reg[26]
  -------------------------------------------------------------------
                         required time                          0.355    
                         arrival time                          -0.194    
  -------------------------------------------------------------------
                         slack                                  0.162    

Slack (MET) :             0.166ns  (arrival time - required time)
  Source:                 u_confreg/conf_wdata_r1_reg[3]/C
                            (rising edge-triggered cell FDRE clocked by timer_clk_clk_pll  {rise@0.000ns fall@5.000ns period=10.000ns})
  Destination:            u_confreg/conf_wdata_r2_reg[3]/D
                            (rising edge-triggered cell FDRE clocked by timer_clk_clk_pll  {rise@0.000ns fall@5.000ns period=10.000ns})
  Path Group:             timer_clk_clk_pll
  Path Type:              Hold (Min at Fast Process Corner)
  Requirement:            0.000ns  (timer_clk_clk_pll rise@0.000ns - timer_clk_clk_pll rise@0.000ns)
  Data Path Delay:        0.253ns  (logic 0.141ns (55.730%)  route 0.112ns (44.270%))
  Logic Levels:           0  
  Clock Path Skew:        0.012ns (DCD - SCD - CPR)
    Destination Clock Delay (DCD):    -0.206ns
    Source Clock Delay      (SCD):    -0.446ns
    Clock Pessimism Removal (CPR):    0.228ns

    Location             Delay type                Incr(ns)  Path(ns)    Netlist Resource(s)
  -------------------------------------------------------------------    -------------------
                         (clock timer_clk_clk_pll rise edge)
                                                      0.000     0.000 r  
    AC19                                              0.000     0.000 r  clk (IN)
                         net (fo=0)                   0.000     0.000    pll.clk_pll/inst/clk_in1
    AC19                 IBUF (Prop_ibuf_I_O)         0.253     0.253 r  pll.clk_pll/inst/clkin1_ibufg/O
                         net (fo=1, routed)           0.565     0.818    pll.clk_pll/inst/clk_in1_clk_pll
    PLLE2_ADV_X0Y2       PLLE2_ADV (Prop_plle2_adv_CLKIN1_CLKOUT1)
                                                     -2.523    -1.705 r  pll.clk_pll/inst/plle2_adv_inst/CLKOUT1
                         net (fo=1, routed)           0.560    -1.146    pll.clk_pll/inst/timer_clk_clk_pll
    BUFGCTRL_X0Y1        BUFG (Prop_bufg_I_O)         0.026    -1.120 r  pll.clk_pll/inst/clkout2_buf/O
                         net (fo=99, routed)          0.673    -0.446    u_confreg/timer_clk
    SLICE_X35Y73         FDRE                                         r  u_confreg/conf_wdata_r1_reg[3]/C
  -------------------------------------------------------------------    -------------------
    SLICE_X35Y73         FDRE (Prop_fdre_C_Q)         0.141    -0.305 r  u_confreg/conf_wdata_r1_reg[3]/Q
                         net (fo=1, routed)           0.112    -0.193    u_confreg/conf_wdata_r1[3]
    SLICE_X35Y74         FDRE                                         r  u_confreg/conf_wdata_r2_reg[3]/D
  -------------------------------------------------------------------    -------------------

                         (clock timer_clk_clk_pll rise edge)
                                                      0.000     0.000 r  
    AC19                                              0.000     0.000 r  clk (IN)
                         net (fo=0)                   0.000     0.000    pll.clk_pll/inst/clk_in1
    AC19                 IBUF (Prop_ibuf_I_O)         0.441     0.441 r  pll.clk_pll/inst/clkin1_ibufg/O
                         net (fo=1, routed)           0.620     1.061    pll.clk_pll/inst/clk_in1_clk_pll
    PLLE2_ADV_X0Y2       PLLE2_ADV (Prop_plle2_adv_CLKIN1_CLKOUT1)
                                                     -2.851    -1.790 r  pll.clk_pll/inst/plle2_adv_inst/CLKOUT1
                         net (fo=1, routed)           0.611    -1.180    pll.clk_pll/inst/timer_clk_clk_pll
    BUFGCTRL_X0Y1        BUFG (Prop_bufg_I_O)         0.029    -1.151 r  pll.clk_pll/inst/clkout2_buf/O
                         net (fo=99, routed)          0.945    -0.206    u_confreg/timer_clk
    SLICE_X35Y74         FDRE                                         r  u_confreg/conf_wdata_r2_reg[3]/C
                         clock pessimism             -0.228    -0.434    
    SLICE_X35Y74         FDRE (Hold_fdre_C_D)         0.075    -0.359    u_confreg/conf_wdata_r2_reg[3]
  -------------------------------------------------------------------
                         required time                          0.359    
                         arrival time                          -0.193    
  -------------------------------------------------------------------
                         slack                                  0.166    

Slack (MET) :             0.185ns  (arrival time - required time)
  Source:                 u_confreg/conf_wdata_r1_reg[11]/C
                            (rising edge-triggered cell FDRE clocked by timer_clk_clk_pll  {rise@0.000ns fall@5.000ns period=10.000ns})
  Destination:            u_confreg/conf_wdata_r2_reg[11]/D
                            (rising edge-triggered cell FDRE clocked by timer_clk_clk_pll  {rise@0.000ns fall@5.000ns period=10.000ns})
  Path Group:             timer_clk_clk_pll
  Path Type:              Hold (Min at Fast Process Corner)
  Requirement:            0.000ns  (timer_clk_clk_pll rise@0.000ns - timer_clk_clk_pll rise@0.000ns)
  Data Path Delay:        0.255ns  (logic 0.141ns (55.385%)  route 0.114ns (44.615%))
  Logic Levels:           0  
  Clock Path Skew:        0.000ns (DCD - SCD - CPR)
    Destination Clock Delay (DCD):    -0.206ns
    Source Clock Delay      (SCD):    -0.447ns
    Clock Pessimism Removal (CPR):    0.241ns

    Location             Delay type                Incr(ns)  Path(ns)    Netlist Resource(s)
  -------------------------------------------------------------------    -------------------
                         (clock timer_clk_clk_pll rise edge)
                                                      0.000     0.000 r  
    AC19                                              0.000     0.000 r  clk (IN)
                         net (fo=0)                   0.000     0.000    pll.clk_pll/inst/clk_in1
    AC19                 IBUF (Prop_ibuf_I_O)         0.253     0.253 r  pll.clk_pll/inst/clkin1_ibufg/O
                         net (fo=1, routed)           0.565     0.818    pll.clk_pll/inst/clk_in1_clk_pll
    PLLE2_ADV_X0Y2       PLLE2_ADV (Prop_plle2_adv_CLKIN1_CLKOUT1)
                                                     -2.523    -1.705 r  pll.clk_pll/inst/plle2_adv_inst/CLKOUT1
                         net (fo=1, routed)           0.560    -1.146    pll.clk_pll/inst/timer_clk_clk_pll
    BUFGCTRL_X0Y1        BUFG (Prop_bufg_I_O)         0.026    -1.120 r  pll.clk_pll/inst/clkout2_buf/O
                         net (fo=99, routed)          0.672    -0.447    u_confreg/timer_clk
    SLICE_X34Y74         FDRE                                         r  u_confreg/conf_wdata_r1_reg[11]/C
  -------------------------------------------------------------------    -------------------
    SLICE_X34Y74         FDRE (Prop_fdre_C_Q)         0.141    -0.306 r  u_confreg/conf_wdata_r1_reg[11]/Q
                         net (fo=1, routed)           0.114    -0.193    u_confreg/conf_wdata_r1[11]
    SLICE_X34Y74         FDRE                                         r  u_confreg/conf_wdata_r2_reg[11]/D
  -------------------------------------------------------------------    -------------------

                         (clock timer_clk_clk_pll rise edge)
                                                      0.000     0.000 r  
    AC19                                              0.000     0.000 r  clk (IN)
                         net (fo=0)                   0.000     0.000    pll.clk_pll/inst/clk_in1
    AC19                 IBUF (Prop_ibuf_I_O)         0.441     0.441 r  pll.clk_pll/inst/clkin1_ibufg/O
                         net (fo=1, routed)           0.620     1.061    pll.clk_pll/inst/clk_in1_clk_pll
    PLLE2_ADV_X0Y2       PLLE2_ADV (Prop_plle2_adv_CLKIN1_CLKOUT1)
                                                     -2.851    -1.790 r  pll.clk_pll/inst/plle2_adv_inst/CLKOUT1
                         net (fo=1, routed)           0.611    -1.180    pll.clk_pll/inst/timer_clk_clk_pll
    BUFGCTRL_X0Y1        BUFG (Prop_bufg_I_O)         0.029    -1.151 r  pll.clk_pll/inst/clkout2_buf/O
                         net (fo=99, routed)          0.945    -0.206    u_confreg/timer_clk
    SLICE_X34Y74         FDRE                                         r  u_confreg/conf_wdata_r2_reg[11]/C
                         clock pessimism             -0.241    -0.447    
    SLICE_X34Y74         FDRE (Hold_fdre_C_D)         0.070    -0.377    u_confreg/conf_wdata_r2_reg[11]
  -------------------------------------------------------------------
                         required time                          0.377    
                         arrival time                          -0.193    
  -------------------------------------------------------------------
                         slack                                  0.185    

Slack (MET) :             0.185ns  (arrival time - required time)
  Source:                 u_confreg/conf_wdata_r1_reg[21]/C
                            (rising edge-triggered cell FDRE clocked by timer_clk_clk_pll  {rise@0.000ns fall@5.000ns period=10.000ns})
  Destination:            u_confreg/conf_wdata_r2_reg[21]/D
                            (rising edge-triggered cell FDRE clocked by timer_clk_clk_pll  {rise@0.000ns fall@5.000ns period=10.000ns})
  Path Group:             timer_clk_clk_pll
  Path Type:              Hold (Min at Fast Process Corner)
  Requirement:            0.000ns  (timer_clk_clk_pll rise@0.000ns - timer_clk_clk_pll rise@0.000ns)
  Data Path Delay:        0.255ns  (logic 0.141ns (55.385%)  route 0.114ns (44.615%))
  Logic Levels:           0  
  Clock Path Skew:        0.000ns (DCD - SCD - CPR)
    Destination Clock Delay (DCD):    -0.197ns
    Source Clock Delay      (SCD):    -0.439ns
    Clock Pessimism Removal (CPR):    0.242ns

    Location             Delay type                Incr(ns)  Path(ns)    Netlist Resource(s)
  -------------------------------------------------------------------    -------------------
                         (clock timer_clk_clk_pll rise edge)
                                                      0.000     0.000 r  
    AC19                                              0.000     0.000 r  clk (IN)
                         net (fo=0)                   0.000     0.000    pll.clk_pll/inst/clk_in1
    AC19                 IBUF (Prop_ibuf_I_O)         0.253     0.253 r  pll.clk_pll/inst/clkin1_ibufg/O
                         net (fo=1, routed)           0.565     0.818    pll.clk_pll/inst/clk_in1_clk_pll
    PLLE2_ADV_X0Y2       PLLE2_ADV (Prop_plle2_adv_CLKIN1_CLKOUT1)
                                                     -2.523    -1.705 r  pll.clk_pll/inst/plle2_adv_inst/CLKOUT1
                         net (fo=1, routed)           0.560    -1.146    pll.clk_pll/inst/timer_clk_clk_pll
    BUFGCTRL_X0Y1        BUFG (Prop_bufg_I_O)         0.026    -1.120 r  pll.clk_pll/inst/clkout2_buf/O
                         net (fo=99, routed)          0.680    -0.439    u_confreg/timer_clk
    SLICE_X32Y83         FDRE                                         r  u_confreg/conf_wdata_r1_reg[21]/C
  -------------------------------------------------------------------    -------------------
    SLICE_X32Y83         FDRE (Prop_fdre_C_Q)         0.141    -0.298 r  u_confreg/conf_wdata_r1_reg[21]/Q
                         net (fo=1, routed)           0.114    -0.185    u_confreg/conf_wdata_r1[21]
    SLICE_X32Y83         FDRE                                         r  u_confreg/conf_wdata_r2_reg[21]/D
  -------------------------------------------------------------------    -------------------

                         (clock timer_clk_clk_pll rise edge)
                                                      0.000     0.000 r  
    AC19                                              0.000     0.000 r  clk (IN)
                         net (fo=0)                   0.000     0.000    pll.clk_pll/inst/clk_in1
    AC19                 IBUF (Prop_ibuf_I_O)         0.441     0.441 r  pll.clk_pll/inst/clkin1_ibufg/O
                         net (fo=1, routed)           0.620     1.061    pll.clk_pll/inst/clk_in1_clk_pll
    PLLE2_ADV_X0Y2       PLLE2_ADV (Prop_plle2_adv_CLKIN1_CLKOUT1)
                                                     -2.851    -1.790 r  pll.clk_pll/inst/plle2_adv_inst/CLKOUT1
                         net (fo=1, routed)           0.611    -1.180    pll.clk_pll/inst/timer_clk_clk_pll
    BUFGCTRL_X0Y1        BUFG (Prop_bufg_I_O)         0.029    -1.151 r  pll.clk_pll/inst/clkout2_buf/O
                         net (fo=99, routed)          0.954    -0.197    u_confreg/timer_clk
    SLICE_X32Y83         FDRE                                         r  u_confreg/conf_wdata_r2_reg[21]/C
                         clock pessimism             -0.242    -0.439    
    SLICE_X32Y83         FDRE (Hold_fdre_C_D)         0.070    -0.369    u_confreg/conf_wdata_r2_reg[21]
  -------------------------------------------------------------------
                         required time                          0.369    
                         arrival time                          -0.185    
  -------------------------------------------------------------------
                         slack                                  0.185    

Slack (MET) :             0.186ns  (arrival time - required time)
  Source:                 u_confreg/conf_wdata_r1_reg[0]/C
                            (rising edge-triggered cell FDRE clocked by timer_clk_clk_pll  {rise@0.000ns fall@5.000ns period=10.000ns})
  Destination:            u_confreg/conf_wdata_r2_reg[0]/D
                            (rising edge-triggered cell FDRE clocked by timer_clk_clk_pll  {rise@0.000ns fall@5.000ns period=10.000ns})
  Path Group:             timer_clk_clk_pll
  Path Type:              Hold (Min at Fast Process Corner)
  Requirement:            0.000ns  (timer_clk_clk_pll rise@0.000ns - timer_clk_clk_pll rise@0.000ns)
  Data Path Delay:        0.258ns  (logic 0.141ns (54.753%)  route 0.117ns (45.247%))
  Logic Levels:           0  
  Clock Path Skew:        0.000ns (DCD - SCD - CPR)
    Destination Clock Delay (DCD):    -0.206ns
    Source Clock Delay      (SCD):    -0.447ns
    Clock Pessimism Removal (CPR):    0.241ns

    Location             Delay type                Incr(ns)  Path(ns)    Netlist Resource(s)
  -------------------------------------------------------------------    -------------------
                         (clock timer_clk_clk_pll rise edge)
                                                      0.000     0.000 r  
    AC19                                              0.000     0.000 r  clk (IN)
                         net (fo=0)                   0.000     0.000    pll.clk_pll/inst/clk_in1
    AC19                 IBUF (Prop_ibuf_I_O)         0.253     0.253 r  pll.clk_pll/inst/clkin1_ibufg/O
                         net (fo=1, routed)           0.565     0.818    pll.clk_pll/inst/clk_in1_clk_pll
    PLLE2_ADV_X0Y2       PLLE2_ADV (Prop_plle2_adv_CLKIN1_CLKOUT1)
                                                     -2.523    -1.705 r  pll.clk_pll/inst/plle2_adv_inst/CLKOUT1
                         net (fo=1, routed)           0.560    -1.146    pll.clk_pll/inst/timer_clk_clk_pll
    BUFGCTRL_X0Y1        BUFG (Prop_bufg_I_O)         0.026    -1.120 r  pll.clk_pll/inst/clkout2_buf/O
                         net (fo=99, routed)          0.672    -0.447    u_confreg/timer_clk
    SLICE_X34Y75         FDRE                                         r  u_confreg/conf_wdata_r1_reg[0]/C
  -------------------------------------------------------------------    -------------------
    SLICE_X34Y75         FDRE (Prop_fdre_C_Q)         0.141    -0.306 r  u_confreg/conf_wdata_r1_reg[0]/Q
                         net (fo=1, routed)           0.117    -0.190    u_confreg/conf_wdata_r1[0]
    SLICE_X34Y75         FDRE                                         r  u_confreg/conf_wdata_r2_reg[0]/D
  -------------------------------------------------------------------    -------------------

                         (clock timer_clk_clk_pll rise edge)
                                                      0.000     0.000 r  
    AC19                                              0.000     0.000 r  clk (IN)
                         net (fo=0)                   0.000     0.000    pll.clk_pll/inst/clk_in1
    AC19                 IBUF (Prop_ibuf_I_O)         0.441     0.441 r  pll.clk_pll/inst/clkin1_ibufg/O
                         net (fo=1, routed)           0.620     1.061    pll.clk_pll/inst/clk_in1_clk_pll
    PLLE2_ADV_X0Y2       PLLE2_ADV (Prop_plle2_adv_CLKIN1_CLKOUT1)
                                                     -2.851    -1.790 r  pll.clk_pll/inst/plle2_adv_inst/CLKOUT1
                         net (fo=1, routed)           0.611    -1.180    pll.clk_pll/inst/timer_clk_clk_pll
    BUFGCTRL_X0Y1        BUFG (Prop_bufg_I_O)         0.029    -1.151 r  pll.clk_pll/inst/clkout2_buf/O
                         net (fo=99, routed)          0.945    -0.206    u_confreg/timer_clk
    SLICE_X34Y75         FDRE                                         r  u_confreg/conf_wdata_r2_reg[0]/C
                         clock pessimism             -0.241    -0.447    
    SLICE_X34Y75         FDRE (Hold_fdre_C_D)         0.072    -0.375    u_confreg/conf_wdata_r2_reg[0]
  -------------------------------------------------------------------
                         required time                          0.375    
                         arrival time                          -0.190    
  -------------------------------------------------------------------
                         slack                                  0.186    

Slack (MET) :             0.211ns  (arrival time - required time)
  Source:                 u_confreg/conf_wdata_r1_reg[8]/C
                            (rising edge-triggered cell FDRE clocked by timer_clk_clk_pll  {rise@0.000ns fall@5.000ns period=10.000ns})
  Destination:            u_confreg/conf_wdata_r2_reg[8]/D
                            (rising edge-triggered cell FDRE clocked by timer_clk_clk_pll  {rise@0.000ns fall@5.000ns period=10.000ns})
  Path Group:             timer_clk_clk_pll
  Path Type:              Hold (Min at Fast Process Corner)
  Requirement:            0.000ns  (timer_clk_clk_pll rise@0.000ns - timer_clk_clk_pll rise@0.000ns)
  Data Path Delay:        0.274ns  (logic 0.164ns (59.853%)  route 0.110ns (40.147%))
  Logic Levels:           0  
  Clock Path Skew:        0.000ns (DCD - SCD - CPR)
    Destination Clock Delay (DCD):    -0.207ns
    Source Clock Delay      (SCD):    -0.448ns
    Clock Pessimism Removal (CPR):    0.241ns

    Location             Delay type                Incr(ns)  Path(ns)    Netlist Resource(s)
  -------------------------------------------------------------------    -------------------
                         (clock timer_clk_clk_pll rise edge)
                                                      0.000     0.000 r  
    AC19                                              0.000     0.000 r  clk (IN)
                         net (fo=0)                   0.000     0.000    pll.clk_pll/inst/clk_in1
    AC19                 IBUF (Prop_ibuf_I_O)         0.253     0.253 r  pll.clk_pll/inst/clkin1_ibufg/O
                         net (fo=1, routed)           0.565     0.818    pll.clk_pll/inst/clk_in1_clk_pll
    PLLE2_ADV_X0Y2       PLLE2_ADV (Prop_plle2_adv_CLKIN1_CLKOUT1)
                                                     -2.523    -1.705 r  pll.clk_pll/inst/plle2_adv_inst/CLKOUT1
                         net (fo=1, routed)           0.560    -1.146    pll.clk_pll/inst/timer_clk_clk_pll
    BUFGCTRL_X0Y1        BUFG (Prop_bufg_I_O)         0.026    -1.120 r  pll.clk_pll/inst/clkout2_buf/O
                         net (fo=99, routed)          0.671    -0.448    u_confreg/timer_clk
    SLICE_X36Y76         FDRE                                         r  u_confreg/conf_wdata_r1_reg[8]/C
  -------------------------------------------------------------------    -------------------
    SLICE_X36Y76         FDRE (Prop_fdre_C_Q)         0.164    -0.284 r  u_confreg/conf_wdata_r1_reg[8]/Q
                         net (fo=1, routed)           0.110    -0.174    u_confreg/conf_wdata_r1[8]
    SLICE_X36Y76         FDRE                                         r  u_confreg/conf_wdata_r2_reg[8]/D
  -------------------------------------------------------------------    -------------------

                         (clock timer_clk_clk_pll rise edge)
                                                      0.000     0.000 r  
    AC19                                              0.000     0.000 r  clk (IN)
                         net (fo=0)                   0.000     0.000    pll.clk_pll/inst/clk_in1
    AC19                 IBUF (Prop_ibuf_I_O)         0.441     0.441 r  pll.clk_pll/inst/clkin1_ibufg/O
                         net (fo=1, routed)           0.620     1.061    pll.clk_pll/inst/clk_in1_clk_pll
    PLLE2_ADV_X0Y2       PLLE2_ADV (Prop_plle2_adv_CLKIN1_CLKOUT1)
                                                     -2.851    -1.790 r  pll.clk_pll/inst/plle2_adv_inst/CLKOUT1
                         net (fo=1, routed)           0.611    -1.180    pll.clk_pll/inst/timer_clk_clk_pll
    BUFGCTRL_X0Y1        BUFG (Prop_bufg_I_O)         0.029    -1.151 r  pll.clk_pll/inst/clkout2_buf/O
                         net (fo=99, routed)          0.944    -0.207    u_confreg/timer_clk
    SLICE_X36Y76         FDRE                                         r  u_confreg/conf_wdata_r2_reg[8]/C
                         clock pessimism             -0.241    -0.448    
    SLICE_X36Y76         FDRE (Hold_fdre_C_D)         0.063    -0.385    u_confreg/conf_wdata_r2_reg[8]
  -------------------------------------------------------------------
                         required time                          0.385    
                         arrival time                          -0.174    
  -------------------------------------------------------------------
                         slack                                  0.211    

Slack (MET) :             0.211ns  (arrival time - required time)
  Source:                 u_confreg/conf_wdata_r1_reg[9]/C
                            (rising edge-triggered cell FDRE clocked by timer_clk_clk_pll  {rise@0.000ns fall@5.000ns period=10.000ns})
  Destination:            u_confreg/conf_wdata_r2_reg[9]/D
                            (rising edge-triggered cell FDRE clocked by timer_clk_clk_pll  {rise@0.000ns fall@5.000ns period=10.000ns})
  Path Group:             timer_clk_clk_pll
  Path Type:              Hold (Min at Fast Process Corner)
  Requirement:            0.000ns  (timer_clk_clk_pll rise@0.000ns - timer_clk_clk_pll rise@0.000ns)
  Data Path Delay:        0.280ns  (logic 0.164ns (58.521%)  route 0.116ns (41.479%))
  Logic Levels:           0  
  Clock Path Skew:        0.016ns (DCD - SCD - CPR)
    Destination Clock Delay (DCD):    -0.204ns
    Source Clock Delay      (SCD):    -0.448ns
    Clock Pessimism Removal (CPR):    0.228ns

    Location             Delay type                Incr(ns)  Path(ns)    Netlist Resource(s)
  -------------------------------------------------------------------    -------------------
                         (clock timer_clk_clk_pll rise edge)
                                                      0.000     0.000 r  
    AC19                                              0.000     0.000 r  clk (IN)
                         net (fo=0)                   0.000     0.000    pll.clk_pll/inst/clk_in1
    AC19                 IBUF (Prop_ibuf_I_O)         0.253     0.253 r  pll.clk_pll/inst/clkin1_ibufg/O
                         net (fo=1, routed)           0.565     0.818    pll.clk_pll/inst/clk_in1_clk_pll
    PLLE2_ADV_X0Y2       PLLE2_ADV (Prop_plle2_adv_CLKIN1_CLKOUT1)
                                                     -2.523    -1.705 r  pll.clk_pll/inst/plle2_adv_inst/CLKOUT1
                         net (fo=1, routed)           0.560    -1.146    pll.clk_pll/inst/timer_clk_clk_pll
    BUFGCTRL_X0Y1        BUFG (Prop_bufg_I_O)         0.026    -1.120 r  pll.clk_pll/inst/clkout2_buf/O
                         net (fo=99, routed)          0.671    -0.448    u_confreg/timer_clk
    SLICE_X36Y76         FDRE                                         r  u_confreg/conf_wdata_r1_reg[9]/C
  -------------------------------------------------------------------    -------------------
    SLICE_X36Y76         FDRE (Prop_fdre_C_Q)         0.164    -0.284 r  u_confreg/conf_wdata_r1_reg[9]/Q
                         net (fo=1, routed)           0.116    -0.168    u_confreg/conf_wdata_r1[9]
    SLICE_X36Y78         FDRE                                         r  u_confreg/conf_wdata_r2_reg[9]/D
  -------------------------------------------------------------------    -------------------

                         (clock timer_clk_clk_pll rise edge)
                                                      0.000     0.000 r  
    AC19                                              0.000     0.000 r  clk (IN)
                         net (fo=0)                   0.000     0.000    pll.clk_pll/inst/clk_in1
    AC19                 IBUF (Prop_ibuf_I_O)         0.441     0.441 r  pll.clk_pll/inst/clkin1_ibufg/O
                         net (fo=1, routed)           0.620     1.061    pll.clk_pll/inst/clk_in1_clk_pll
    PLLE2_ADV_X0Y2       PLLE2_ADV (Prop_plle2_adv_CLKIN1_CLKOUT1)
                                                     -2.851    -1.790 r  pll.clk_pll/inst/plle2_adv_inst/CLKOUT1
                         net (fo=1, routed)           0.611    -1.180    pll.clk_pll/inst/timer_clk_clk_pll
    BUFGCTRL_X0Y1        BUFG (Prop_bufg_I_O)         0.029    -1.151 r  pll.clk_pll/inst/clkout2_buf/O
                         net (fo=99, routed)          0.947    -0.204    u_confreg/timer_clk
    SLICE_X36Y78         FDRE                                         r  u_confreg/conf_wdata_r2_reg[9]/C
                         clock pessimism             -0.228    -0.432    
    SLICE_X36Y78         FDRE (Hold_fdre_C_D)         0.053    -0.379    u_confreg/conf_wdata_r2_reg[9]
  -------------------------------------------------------------------
                         required time                          0.379    
                         arrival time                          -0.168    
  -------------------------------------------------------------------
                         slack                                  0.211    

Slack (MET) :             0.213ns  (arrival time - required time)
  Source:                 u_confreg/conf_wdata_r1_reg[12]/C
                            (rising edge-triggered cell FDRE clocked by timer_clk_clk_pll  {rise@0.000ns fall@5.000ns period=10.000ns})
  Destination:            u_confreg/conf_wdata_r2_reg[12]/D
                            (rising edge-triggered cell FDRE clocked by timer_clk_clk_pll  {rise@0.000ns fall@5.000ns period=10.000ns})
  Path Group:             timer_clk_clk_pll
  Path Type:              Hold (Min at Fast Process Corner)
  Requirement:            0.000ns  (timer_clk_clk_pll rise@0.000ns - timer_clk_clk_pll rise@0.000ns)
  Data Path Delay:        0.303ns  (logic 0.141ns (46.527%)  route 0.162ns (53.473%))
  Logic Levels:           0  
  Clock Path Skew:        0.014ns (DCD - SCD - CPR)
    Destination Clock Delay (DCD):    -0.204ns
    Source Clock Delay      (SCD):    -0.446ns
    Clock Pessimism Removal (CPR):    0.228ns

    Location             Delay type                Incr(ns)  Path(ns)    Netlist Resource(s)
  -------------------------------------------------------------------    -------------------
                         (clock timer_clk_clk_pll rise edge)
                                                      0.000     0.000 r  
    AC19                                              0.000     0.000 r  clk (IN)
                         net (fo=0)                   0.000     0.000    pll.clk_pll/inst/clk_in1
    AC19                 IBUF (Prop_ibuf_I_O)         0.253     0.253 r  pll.clk_pll/inst/clkin1_ibufg/O
                         net (fo=1, routed)           0.565     0.818    pll.clk_pll/inst/clk_in1_clk_pll
    PLLE2_ADV_X0Y2       PLLE2_ADV (Prop_plle2_adv_CLKIN1_CLKOUT1)
                                                     -2.523    -1.705 r  pll.clk_pll/inst/plle2_adv_inst/CLKOUT1
                         net (fo=1, routed)           0.560    -1.146    pll.clk_pll/inst/timer_clk_clk_pll
    BUFGCTRL_X0Y1        BUFG (Prop_bufg_I_O)         0.026    -1.120 r  pll.clk_pll/inst/clkout2_buf/O
                         net (fo=99, routed)          0.673    -0.446    u_confreg/timer_clk
    SLICE_X37Y77         FDRE                                         r  u_confreg/conf_wdata_r1_reg[12]/C
  -------------------------------------------------------------------    -------------------
    SLICE_X37Y77         FDRE (Prop_fdre_C_Q)         0.141    -0.305 r  u_confreg/conf_wdata_r1_reg[12]/Q
                         net (fo=1, routed)           0.162    -0.143    u_confreg/conf_wdata_r1[12]
    SLICE_X36Y78         FDRE                                         r  u_confreg/conf_wdata_r2_reg[12]/D
  -------------------------------------------------------------------    -------------------

                         (clock timer_clk_clk_pll rise edge)
                                                      0.000     0.000 r  
    AC19                                              0.000     0.000 r  clk (IN)
                         net (fo=0)                   0.000     0.000    pll.clk_pll/inst/clk_in1
    AC19                 IBUF (Prop_ibuf_I_O)         0.441     0.441 r  pll.clk_pll/inst/clkin1_ibufg/O
                         net (fo=1, routed)           0.620     1.061    pll.clk_pll/inst/clk_in1_clk_pll
    PLLE2_ADV_X0Y2       PLLE2_ADV (Prop_plle2_adv_CLKIN1_CLKOUT1)
                                                     -2.851    -1.790 r  pll.clk_pll/inst/plle2_adv_inst/CLKOUT1
                         net (fo=1, routed)           0.611    -1.180    pll.clk_pll/inst/timer_clk_clk_pll
    BUFGCTRL_X0Y1        BUFG (Prop_bufg_I_O)         0.029    -1.151 r  pll.clk_pll/inst/clkout2_buf/O
                         net (fo=99, routed)          0.947    -0.204    u_confreg/timer_clk
    SLICE_X36Y78         FDRE                                         r  u_confreg/conf_wdata_r2_reg[12]/C
                         clock pessimism             -0.228    -0.432    
    SLICE_X36Y78         FDRE (Hold_fdre_C_D)         0.076    -0.356    u_confreg/conf_wdata_r2_reg[12]
  -------------------------------------------------------------------
                         required time                          0.356    
                         arrival time                          -0.143    
  -------------------------------------------------------------------
                         slack                                  0.213    





Pulse Width Checks
--------------------------------------------------------------------------------------
Clock Name:         timer_clk_clk_pll
Waveform(ns):       { 0.000 5.000 }
Period(ns):         10.000
Sources:            { pll.clk_pll/inst/plle2_adv_inst/CLKOUT1 }

Check Type        Corner  Lib Pin            Reference Pin  Required(ns)  Actual(ns)  Slack(ns)  Location        Pin
Min Period        n/a     BUFG/I             n/a            2.155         10.000      7.845      BUFGCTRL_X0Y1   pll.clk_pll/inst/clkout2_buf/I
Min Period        n/a     PLLE2_ADV/CLKOUT1  n/a            1.249         10.000      8.751      PLLE2_ADV_X0Y2  pll.clk_pll/inst/plle2_adv_inst/CLKOUT1
Min Period        n/a     FDRE/C             n/a            1.000         10.000      9.000      SLICE_X34Y75    u_confreg/conf_wdata_r1_reg[0]/C
Min Period        n/a     FDRE/C             n/a            1.000         10.000      9.000      SLICE_X35Y74    u_confreg/conf_wdata_r1_reg[10]/C
Min Period        n/a     FDRE/C             n/a            1.000         10.000      9.000      SLICE_X34Y74    u_confreg/conf_wdata_r1_reg[11]/C
Min Period        n/a     FDRE/C             n/a            1.000         10.000      9.000      SLICE_X37Y77    u_confreg/conf_wdata_r1_reg[12]/C
Min Period        n/a     FDRE/C             n/a            1.000         10.000      9.000      SLICE_X37Y80    u_confreg/conf_wdata_r1_reg[13]/C
Min Period        n/a     FDRE/C             n/a            1.000         10.000      9.000      SLICE_X36Y78    u_confreg/conf_wdata_r1_reg[14]/C
Min Period        n/a     FDRE/C             n/a            1.000         10.000      9.000      SLICE_X33Y78    u_confreg/conf_wdata_r1_reg[15]/C
Min Period        n/a     FDRE/C             n/a            1.000         10.000      9.000      SLICE_X35Y82    u_confreg/conf_wdata_r1_reg[16]/C
Max Period        n/a     PLLE2_ADV/CLKOUT1  n/a            160.000       10.000      150.000    PLLE2_ADV_X0Y2  pll.clk_pll/inst/plle2_adv_inst/CLKOUT1
Low Pulse Width   Slow    FDRE/C             n/a            0.500         5.000       4.500      SLICE_X37Y80    u_confreg/conf_wdata_r1_reg[13]/C
Low Pulse Width   Fast    FDRE/C             n/a            0.500         5.000       4.500      SLICE_X36Y82    u_confreg/conf_wdata_r1_reg[18]/C
Low Pulse Width   Fast    FDRE/C             n/a            0.500         5.000       4.500      SLICE_X36Y82    u_confreg/conf_wdata_r1_reg[19]/C
Low Pulse Width   Slow    FDRE/C             n/a            0.500         5.000       4.500      SLICE_X35Y73    u_confreg/conf_wdata_r1_reg[3]/C
Low Pulse Width   Slow    FDRE/C             n/a            0.500         5.000       4.500      SLICE_X37Y80    u_confreg/conf_wdata_r2_reg[13]/C
Low Pulse Width   Fast    FDRE/C             n/a            0.500         5.000       4.500      SLICE_X36Y82    u_confreg/conf_wdata_r2_reg[18]/C
Low Pulse Width   Fast    FDRE/C             n/a            0.500         5.000       4.500      SLICE_X36Y82    u_confreg/conf_wdata_r2_reg[19]/C
Low Pulse Width   Fast    FDRE/C             n/a            0.500         5.000       4.500      SLICE_X34Y80    u_confreg/timer_reg[10]/C
Low Pulse Width   Fast    FDRE/C             n/a            0.500         5.000       4.500      SLICE_X34Y80    u_confreg/timer_reg[11]/C
Low Pulse Width   Fast    FDRE/C             n/a            0.500         5.000       4.500      SLICE_X34Y80    u_confreg/timer_reg[8]/C
High Pulse Width  Slow    FDRE/C             n/a            0.500         5.000       4.500      SLICE_X37Y77    u_confreg/conf_wdata_r1_reg[12]/C
High Pulse Width  Slow    FDRE/C             n/a            0.500         5.000       4.500      SLICE_X37Y80    u_confreg/conf_wdata_r1_reg[13]/C
High Pulse Width  Fast    FDRE/C             n/a            0.500         5.000       4.500      SLICE_X32Y83    u_confreg/conf_wdata_r1_reg[21]/C
High Pulse Width  Fast    FDRE/C             n/a            0.500         5.000       4.500      SLICE_X32Y83    u_confreg/conf_wdata_r1_reg[22]/C
High Pulse Width  Slow    FDRE/C             n/a            0.500         5.000       4.500      SLICE_X36Y84    u_confreg/conf_wdata_r1_reg[23]/C
High Pulse Width  Fast    FDRE/C             n/a            0.500         5.000       4.500      SLICE_X36Y84    u_confreg/conf_wdata_r1_reg[23]/C
High Pulse Width  Slow    FDRE/C             n/a            0.500         5.000       4.500      SLICE_X36Y84    u_confreg/conf_wdata_r1_reg[28]/C
High Pulse Width  Fast    FDRE/C             n/a            0.500         5.000       4.500      SLICE_X36Y84    u_confreg/conf_wdata_r1_reg[28]/C
High Pulse Width  Slow    FDRE/C             n/a            0.500         5.000       4.500      SLICE_X39Y86    u_confreg/conf_wdata_r1_reg[31]/C
High Pulse Width  Fast    FDRE/C             n/a            0.500         5.000       4.500      SLICE_X39Y86    u_confreg/conf_wdata_r1_reg[31]/C



